gx_name,source_meta2_path,begin_time,end_time,duration_seconds,meta2_phrase,transcript_phrases,category_names,supercategory_names,number_of_meta2_rows,number_of_unique_frames,start_frame,end_frame,frame_names,raw_video_path,transcript_json_path,clip_path,clip_status
GX010023,/media/jisha/E/trash_dataset/Brookhaven MRF 20250604 Preproc/Camera 1/GX010023/data/meta2.csv,10.62,12.02,1.4000000000000004,Unnumbered.,,Other Unnumbered Containers & Fragments,Plastics,10,7,000002,000010,000002 | 000003 | 000005 | 000007 | 000008 | 000009 | 000010,/media/jisha/D/trash_dataset/Brookhaven MRF 20250604/Camera1/GX010023.MP4,,/media/jisha/E/trash_dataset/camera1_plastics_shareable_dataset/audio_video_clips/GX010023/GX010023__000010.620__000012.020.mp4,created
GX010023,/media/jisha/E/trash_dataset/Brookhaven MRF 20250604 Preproc/Camera 1/GX010023/data/meta2.csv,12.72,14.12,1.3999999999999986,Clamshell.,,Containers #1/Clamshells,Plastics,5,5,000018,000022,000018 | 000019 | 000020 | 000021 | 000022,/media/jisha/D/trash_dataset/Brookhaven MRF 20250604/Camera1/GX010023.MP4,,/media/jisha/E/trash_dataset/camera1_plastics_shareable_dataset/audio_video_clips/GX010023/GX010023__000012.720__000014.120.mp4,created
GX010023,/media/jisha/E/trash_dataset/Brookhaven MRF 20250604 Preproc/Camera 1/GX010023/data/meta2.csv,15.0,20.26,5.260000000000002,Number 5.,,Containers #5/PP,Plastics,5,4,000048,000064,000048 | 000062 | 000063 | 000064,/media/jisha/D/trash_dataset/Brookhaven MRF 20250604/Camera1/GX010023.MP4,,/media/jisha/E/trash_dataset/camera1_plastics_shareable_dataset/audio_video_clips/GX010023/GX010023__000015.000__000020.260.mp4,created
GX010023,/media/jisha/E/trash_dataset/Brookhaven MRF 20250604 Preproc/Camera 1/GX010023/data/meta2.csv,32.46,33.5,1.0399999999999991,Two color.,,Containers #2 Colored,Plastics,11,7,000089,000095,000089 | 000090 | 000091 | 000092 | 000093 | 000094 | 000095,/media/jisha/D/trash_dataset/Brookhaven MRF 20250604/Camera1/GX010023.MP4,,/media/jisha/E/trash_dataset/camera1_plastics_shareable_dataset/audio_video_clips/GX010023/GX010023__000032.460__000033.500.mp4,created
GX010023,/media/jisha/E/trash_dataset/Brookhaven MRF 20250604 Preproc/Camera 1/GX010023/data/meta2.csv,46.62,47.44,0.8200000000000003,Two color.,,Containers #2 Colored,Plastics,6,5,000097,000102,000097 | 000098 | 000099 | 000100 | 000102,/media/jisha/D/trash_dataset/Brookhaven MRF 20250604/Camera1/GX010023.MP4,,/media/jisha/E/trash_dataset/camera1_plastics_shareable_dataset/audio_video_clips/GX010023/GX010023__000046.620__000047.440.mp4,created
GX010023,/media/jisha/E/trash_dataset/Brookhaven MRF 20250604 Preproc/Camera 1/GX010023/data/meta2.csv,47.5,47.86,0.35999999999999943,Two color.,,Containers #2 Colored,Plastics,1,1,000105,000105,000105,/media/jisha/D/trash_dataset/Brookhaven MRF 20250604/Camera1/GX010023.MP4,,/media/jisha/E/trash_dataset/camera1_plastics_shareable_dataset/audio_video_clips/GX010023/GX010023__000047.500__000047.860.mp4,created
GX010023,/media/jisha/E/trash_dataset/Brookhaven MRF 20250604 Preproc/Camera 1/GX010023/data/meta2.csv,57.62,58.2,0.5800000000000054,these are one.,,Other #1 Bottles,Plastics,3,2,000107,000108,000107 | 000108,/media/jisha/D/trash_dataset/Brookhaven MRF 20250604/Camera1/GX010023.MP4,,/media/jisha/E/trash_dataset/camera1_plastics_shareable_dataset/audio_video_clips/GX010023/GX010023__000057.620__000058.200.mp4,created
GX010023,/media/jisha/E/trash_dataset/Brookhaven MRF 20250604 Preproc/Camera 1/GX010023/data/meta2.csv,59.62,60.96,1.3400000000000034,It says one right there.,,Other #1 Bottles,Plastics,2,2,000114,000118,000114 | 000118,/media/jisha/D/trash_dataset/Brookhaven MRF 20250604/Camera1/GX010023.MP4,,/media/jisha/E/trash_dataset/camera1_plastics_shareable_dataset/audio_video_clips/GX010023/GX010023__000059.620__000060.960.mp4,created
GX010023,/media/jisha/E/trash_dataset/Brookhaven MRF 20250604 Preproc/Camera 1/GX010023/data/meta2.csv,63.32,63.86,0.5399999999999991,Non -deposit.,,Non-Deposit,Plastics,1,1,000123,000123,000123,/media/jisha/D/trash_dataset/Brookhaven MRF 20250604/Camera1/GX010023.MP4,,/media/jisha/E/trash_dataset/camera1_plastics_shareable_dataset/audio_video_clips/GX010023/GX010023__000063.320__000063.860.mp4,created
GX010023,/media/jisha/E/trash_dataset/Brookhaven MRF 20250604 Preproc/Camera 1/GX010023/data/meta2.csv,85.12,85.54,0.4200000000000017,Probably deposit.,,Deposit #1 Bottles,Plastics,1,1,000156,000156,000156,/media/jisha/D/trash_dataset/Brookhaven MRF 20250604/Camera1/GX010023.MP4,,/media/jisha/E/trash_dataset/camera1_plastics_shareable_dataset/audio_video_clips/GX010023/GX010023__000085.120__000085.540.mp4,created
GX010023,/media/jisha/E/trash_dataset/Brookhaven MRF 20250604 Preproc/Camera 1/GX010023/data/meta2.csv,88.22,89.24,1.019999999999996,Deposit number one.,,Deposit #1 Bottles,Plastics,6,5,000174,000178,000174 | 000175 | 000176 | 000177 | 000178,/media/jisha/D/trash_dataset/Brookhaven MRF 20250604/Camera1/GX010023.MP4,,/media/jisha/E/trash_dataset/camera1_plastics_shareable_dataset/audio_video_clips/GX010023/GX010023__000088.220__000089.240.mp4,created
GX010023,/media/jisha/E/trash_dataset/Brookhaven MRF 20250604 Preproc/Camera 1/GX010023/data/meta2.csv,99.02,99.84,0.8200000000000074,One clamshell.,,Containers #1/Clamshells,Plastics,5,3,000188,000192,000188 | 000191 | 000192,/media/jisha/D/trash_dataset/Brookhaven MRF 20250604/Camera1/GX010023.MP4,,/media/jisha/E/trash_dataset/camera1_plastics_shareable_dataset/audio_video_clips/GX010023/GX010023__000099.020__000099.840.mp4,created
GX010023,/media/jisha/E/trash_dataset/Brookhaven MRF 20250604 Preproc/Camera 1/GX010023/data/meta2.csv,112.52,113.94,1.4200000000000017,Do we have other plastic?,,Other Plastics,Plastics,11,8,000194,000203,000194 | 000195 | 000196 | 000197 | 000198 | 000200 | 000202 | 000203,/media/jisha/D/trash_dataset/Brookhaven MRF 20250604/Camera1/GX010023.MP4,,/media/jisha/E/trash_dataset/camera1_plastics_shareable_dataset/audio_video_clips/GX010023/GX010023__000112.520__000113.940.mp4,created
GX010023,/media/jisha/E/trash_dataset/Brookhaven MRF 20250604 Preproc/Camera 1/GX010023/data/meta2.csv,127.32,128.76,1.4399999999999977,Non -deposit number one.,,Other #1 Bottles,Plastics,9,6,000208,000215,000208 | 000209 | 000210 | 000211 | 000214 | 000215,/media/jisha/D/trash_dataset/Brookhaven MRF 20250604/Camera1/GX010023.MP4,,/media/jisha/E/trash_dataset/camera1_plastics_shareable_dataset/audio_video_clips/GX010023/GX010023__000127.320__000128.760.mp4,created
GX010023,/media/jisha/E/trash_dataset/Brookhaven MRF 20250604 Preproc/Camera 1/GX010023/data/meta2.csv,135.9,136.7,0.799999999999983,Number five.,,Containers #5/PP,Plastics,3,3,000225,000228,000225 | 000226 | 000228,/media/jisha/D/trash_dataset/Brookhaven MRF 20250604/Camera1/GX010023.MP4,,/media/jisha/E/trash_dataset/camera1_plastics_shareable_dataset/audio_video_clips/GX010023/GX010023__000135.900__000136.700.mp4,created
GX010023,/media/jisha/E/trash_dataset/Brookhaven MRF 20250604 Preproc/Camera 1/GX010023/data/meta2.csv,147.48,148.12,0.6400000000000148,It's light purple.,,Containers #2 Colored,Plastics,1,1,000255,000255,000255,/media/jisha/D/trash_dataset/Brookhaven MRF 20250604/Camera1/GX010023.MP4,,/media/jisha/E/trash_dataset/camera1_plastics_shareable_dataset/audio_video_clips/GX010023/GX010023__000147.480__000148.120.mp4,created
GX010023,/media/jisha/E/trash_dataset/Brookhaven MRF 20250604 Preproc/Camera 1/GX010023/data/meta2.csv,163.1,164.2,1.0999999999999943,Deposit number one.,,Deposit #1 Bottles,Plastics,8,7,000265,000272,000265 | 000267 | 000268 | 000269 | 000270 | 000271 | 000272,/media/jisha/D/trash_dataset/Brookhaven MRF 20250604/Camera1/GX010023.MP4,,/media/jisha/E/trash_dataset/camera1_plastics_shareable_dataset/audio_video_clips/GX010023/GX010023__000163.100__000164.200.mp4,created
GX010023,/media/jisha/E/trash_dataset/Brookhaven MRF 20250604 Preproc/Camera 1/GX010023/data/meta2.csv,171.64,172.4,0.7600000000000193,Other non -deposit.,,Non-Deposit,Plastics,2,2,000276,000278,000276 | 000278,/media/jisha/D/trash_dataset/Brookhaven MRF 20250604/Camera1/GX010023.MP4,,/media/jisha/E/trash_dataset/camera1_plastics_shareable_dataset/audio_video_clips/GX010023/GX010023__000171.640__000172.400.mp4,created
GX010023,/media/jisha/E/trash_dataset/Brookhaven MRF 20250604 Preproc/Camera 1/GX010023/data/meta2.csv,172.4,172.98,0.5799999999999841,Film plastic.,,Other Plastic Film | Other Plastics,Plastics,3,3,000281,000283,000281 | 000282 | 000283,/media/jisha/D/trash_dataset/Brookhaven MRF 20250604/Camera1/GX010023.MP4,,/media/jisha/E/trash_dataset/camera1_plastics_shareable_dataset/audio_video_clips/GX010023/GX010023__000172.400__000172.980.mp4,created
GX010023,/media/jisha/E/trash_dataset/Brookhaven MRF 20250604 Preproc/Camera 1/GX010023/data/meta2.csv,174.06,174.68,0.6200000000000045,Clamshell.,,Containers #1/Clamshells,Plastics,1,1,000285,000285,000285,/media/jisha/D/trash_dataset/Brookhaven MRF 20250604/Camera1/GX010023.MP4,,/media/jisha/E/trash_dataset/camera1_plastics_shareable_dataset/audio_video_clips/GX010023/GX010023__000174.060__000174.680.mp4,created
GX010023,/media/jisha/E/trash_dataset/Brookhaven MRF 20250604 Preproc/Camera 1/GX010023/data/meta2.csv,176.26,177.48,1.2199999999999989,Other non -deposit.,,Non-Deposit,Plastics,1,1,000303,000303,000303,/media/jisha/D/trash_dataset/Brookhaven MRF 20250604/Camera1/GX010023.MP4,,/media/jisha/E/trash_dataset/camera1_plastics_shareable_dataset/audio_video_clips/GX010023/GX010023__000176.260__000177.480.mp4,created
GX010023,/media/jisha/E/trash_dataset/Brookhaven MRF 20250604 Preproc/Camera 1/GX010023/data/meta2.csv,177.48,177.86,0.3800000000000239,Clamshell.,,Containers #1/Clamshells,Plastics,1,1,000306,000306,000306,/media/jisha/D/trash_dataset/Brookhaven MRF 20250604/Camera1/GX010023.MP4,,/media/jisha/E/trash_dataset/camera1_plastics_shareable_dataset/audio_video_clips/GX010023/GX010023__000177.480__000177.860.mp4,created
GX010023,/media/jisha/E/trash_dataset/Brookhaven MRF 20250604 Preproc/Camera 1/GX010023/data/meta2.csv,191.84,192.56,0.7199999999999989,Number five.,,Containers #5/PP,Plastics,2,2,000345,000346,000345 | 000346,/media/jisha/D/trash_dataset/Brookhaven MRF 20250604/Camera1/GX010023.MP4,,/media/jisha/E/trash_dataset/camera1_plastics_shareable_dataset/audio_video_clips/GX010023/GX010023__000191.840__000192.560.mp4,created
GX010023,/media/jisha/E/trash_dataset/Brookhaven MRF 20250604 Preproc/Camera 1/GX010023/data/meta2.csv,226.5,226.94,0.4399999999999977,No.,,Containers #1/Clamshells,Plastics,1,1,000376,000376,000376,/media/jisha/D/trash_dataset/Brookhaven MRF 20250604/Camera1/GX010023.MP4,,/media/jisha/E/trash_dataset/camera1_plastics_shareable_dataset/audio_video_clips/GX010023/GX010023__000226.500__000226.940.mp4,created
GX010023,/media/jisha/E/trash_dataset/Brookhaven MRF 20250604 Preproc/Camera 1/GX010023/data/meta2.csv,246.86,247.46,0.5999999999999943,clamshell,,Containers #1/Clamshells,Plastics,3,2,000437,000439,000437 | 000439,/media/jisha/D/trash_dataset/Brookhaven MRF 20250604/Camera1/GX010023.MP4,,/media/jisha/E/trash_dataset/camera1_plastics_shareable_dataset/audio_video_clips/GX010023/GX010023__000246.860__000247.460.mp4,created
GX010023,/media/jisha/E/trash_dataset/Brookhaven MRF 20250604 Preproc/Camera 1/GX010023/data/meta2.csv,278.72,281.5,2.7799999999999727,deposit number one,,Deposit #1 Bottles,Plastics,2,2,000520,000539,000520 | 000539,/media/jisha/D/trash_dataset/Brookhaven MRF 20250604/Camera1/GX010023.MP4,,/media/jisha/E/trash_dataset/camera1_plastics_shareable_dataset/audio_video_clips/GX010023/GX010023__000278.720__000281.500.mp4,created
GX010023,/media/jisha/E/trash_dataset/Brookhaven MRF 20250604 Preproc/Camera 1/GX010023/data/meta2.csv,300.42,304.74,4.319999999999993,number one clamshell oh black plastic,,Containers #1/Clamshells,Plastics,2,2,000544,000569,000544 | 000569,/media/jisha/D/trash_dataset/Brookhaven MRF 20250604/Camera1/GX010023.MP4,,/media/jisha/E/trash_dataset/camera1_plastics_shareable_dataset/audio_video_clips/GX010023/GX010023__000300.420__000304.740.mp4,created
GX010023,/media/jisha/E/trash_dataset/Brookhaven MRF 20250604 Preproc/Camera 1/GX010023/data/meta2.csv,304.74,308.2,3.4599999999999795,black plastic,,Black Plastic Containers,Plastics,14,11,000578,000591,000578 | 000579 | 000580 | 000581 | 000582 | 000583 | 000584 | 000587 | 000588 | 000589 | 000591,/media/jisha/D/trash_dataset/Brookhaven MRF 20250604/Camera1/GX010023.MP4,,/media/jisha/E/trash_dataset/camera1_plastics_shareable_dataset/audio_video_clips/GX010023/GX010023__000304.740__000308.200.mp4,created
GX010023,/media/jisha/E/trash_dataset/Brookhaven MRF 20250604 Preproc/Camera 1/GX010023/data/meta2.csv,310.92,312.16,1.240000000000009,number five,,Containers #5/PP,Plastics,6,6,000607,000614,000607 | 000609 | 000610 | 000611 | 000613 | 000614,/media/jisha/D/trash_dataset/Brookhaven MRF 20250604/Camera1/GX010023.MP4,,/media/jisha/E/trash_dataset/camera1_plastics_shareable_dataset/audio_video_clips/GX010023/GX010023__000310.920__000312.160.mp4,created
GX010023,/media/jisha/E/trash_dataset/Brookhaven MRF 20250604 Preproc/Camera 1/GX010023/data/meta2.csv,314.18,315.1,0.9200000000000159,number five,,Containers #5/PP,Plastics,2,2,000616,000621,000616 | 000621,/media/jisha/D/trash_dataset/Brookhaven MRF 20250604/Camera1/GX010023.MP4,,/media/jisha/E/trash_dataset/camera1_plastics_shareable_dataset/audio_video_clips/GX010023/GX010023__000314.180__000315.100.mp4,created
GX010023,/media/jisha/E/trash_dataset/Brookhaven MRF 20250604 Preproc/Camera 1/GX010023/data/meta2.csv,341.82,342.16,0.34000000000003183,five,,Containers #5/PP,Plastics,1,1,000699,000699,000699,/media/jisha/D/trash_dataset/Brookhaven MRF 20250604/Camera1/GX010023.MP4,,/media/jisha/E/trash_dataset/camera1_plastics_shareable_dataset/audio_video_clips/GX010023/GX010023__000341.820__000342.160.mp4,created
GX010023,/media/jisha/E/trash_dataset/Brookhaven MRF 20250604 Preproc/Camera 1/GX010023/data/meta2.csv,356.84,357.48,0.6400000000000432,unnumbered,,Other Unnumbered Containers & Fragments,Plastics,1,1,000721,000721,000721,/media/jisha/D/trash_dataset/Brookhaven MRF 20250604/Camera1/GX010023.MP4,,/media/jisha/E/trash_dataset/camera1_plastics_shareable_dataset/audio_video_clips/GX010023/GX010023__000356.840__000357.480.mp4,created
GX010023,/media/jisha/E/trash_dataset/Brookhaven MRF 20250604 Preproc/Camera 1/GX010023/data/meta2.csv,369.52,370.8,1.2800000000000296,unnumbered,,Other Unnumbered Containers & Fragments,Plastics,9,8,000726,000733,000726 | 000727 | 000728 | 000729 | 000730 | 000731 | 000732 | 000733,/media/jisha/D/trash_dataset/Brookhaven MRF 20250604/Camera1/GX010023.MP4,,/media/jisha/E/trash_dataset/camera1_plastics_shareable_dataset/audio_video_clips/GX010023/GX010023__000369.520__000370.800.mp4,created
GX010023,/media/jisha/E/trash_dataset/Brookhaven MRF 20250604 Preproc/Camera 1/GX010023/data/meta2.csv,382.06,383.62,1.5600000000000023,five,,Containers #5/PP,Plastics,1,1,000743,000743,000743,/media/jisha/D/trash_dataset/Brookhaven MRF 20250604/Camera1/GX010023.MP4,,/media/jisha/E/trash_dataset/camera1_plastics_shareable_dataset/audio_video_clips/GX010023/GX010023__000382.060__000383.620.mp4,created
GX010023,/media/jisha/E/trash_dataset/Brookhaven MRF 20250604 Preproc/Camera 1/GX010023/data/meta2.csv,389.18,392.66,3.480000000000018,non -deposit number one,,Other #1 Bottles,Plastics,12,12,000750,000776,000750 | 000762 | 000763 | 000764 | 000765 | 000769 | 000770 | 000772 | 000773 | 000774 | 000775 | 000776,/media/jisha/D/trash_dataset/Brookhaven MRF 20250604/Camera1/GX010023.MP4,,/media/jisha/E/trash_dataset/camera1_plastics_shareable_dataset/audio_video_clips/GX010023/GX010023__000389.180__000392.660.mp4,created
GX010023,/media/jisha/E/trash_dataset/Brookhaven MRF 20250604 Preproc/Camera 1/GX010023/data/meta2.csv,399.2,400.06,0.8600000000000136,natural,,Containers #2 Natural,Plastics,3,3,000787,000789,000787 | 000788 | 000789,/media/jisha/D/trash_dataset/Brookhaven MRF 20250604/Camera1/GX010023.MP4,,/media/jisha/E/trash_dataset/camera1_plastics_shareable_dataset/audio_video_clips/GX010023/GX010023__000399.200__000400.060.mp4,created
GX010023,/media/jisha/E/trash_dataset/Brookhaven MRF 20250604 Preproc/Camera 1/GX010023/data/meta2.csv,406.06,407.18,1.1200000000000045,Unnumbered.,,Other Unnumbered Containers & Fragments,Plastics,5,5,000793,000800,000793 | 000794 | 000795 | 000797 | 000800,/media/jisha/D/trash_dataset/Brookhaven MRF 20250604/Camera1/GX010023.MP4,,/media/jisha/E/trash_dataset/camera1_plastics_shareable_dataset/audio_video_clips/GX010023/GX010023__000406.060__000407.180.mp4,created
GX010023,/media/jisha/E/trash_dataset/Brookhaven MRF 20250604 Preproc/Camera 1/GX010023/data/meta2.csv,423.06,425.32,2.259999999999991,Number one non -deposit.,,Other #1 Bottles,Plastics,8,7,000821,000830,000821 | 000824 | 000825 | 000826 | 000827 | 000829 | 000830,/media/jisha/D/trash_dataset/Brookhaven MRF 20250604/Camera1/GX010023.MP4,,/media/jisha/E/trash_dataset/camera1_plastics_shareable_dataset/audio_video_clips/GX010023/GX010023__000423.060__000425.320.mp4,created
GX010023,/media/jisha/E/trash_dataset/Brookhaven MRF 20250604 Preproc/Camera 1/GX010023/data/meta2.csv,427.36,428.48,1.1200000000000045,Five.,,Containers #5/PP,Plastics,5,4,000840,000844,000840 | 000841 | 000843 | 000844,/media/jisha/D/trash_dataset/Brookhaven MRF 20250604/Camera1/GX010023.MP4,,/media/jisha/E/trash_dataset/camera1_plastics_shareable_dataset/audio_video_clips/GX010023/GX010023__000427.360__000428.480.mp4,created
GX010023,/media/jisha/E/trash_dataset/Brookhaven MRF 20250604 Preproc/Camera 1/GX010023/data/meta2.csv,429.74,430.74,1.0,Number one deposit.,,Deposit #1 Bottles,Plastics,1,1,000850,000850,000850,/media/jisha/D/trash_dataset/Brookhaven MRF 20250604/Camera1/GX010023.MP4,,/media/jisha/E/trash_dataset/camera1_plastics_shareable_dataset/audio_video_clips/GX010023/GX010023__000429.740__000430.740.mp4,created
GX010023,/media/jisha/E/trash_dataset/Brookhaven MRF 20250604 Preproc/Camera 1/GX010023/data/meta2.csv,450.4,451.2,0.8000000000000114,Clamshell.,,Containers #1/Clamshells,Plastics,4,4,000886,000890,000886 | 000887 | 000888 | 000890,/media/jisha/D/trash_dataset/Brookhaven MRF 20250604/Camera1/GX010023.MP4,,/media/jisha/E/trash_dataset/camera1_plastics_shareable_dataset/audio_video_clips/GX010023/GX010023__000450.400__000451.200.mp4,created
GX010023,/media/jisha/E/trash_dataset/Brookhaven MRF 20250604 Preproc/Camera 1/GX010023/data/meta2.csv,458.3,459.9,1.599999999999966,Number five.,,Containers #5/PP,Plastics,5,5,000895,000899,000895 | 000896 | 000897 | 000898 | 000899,/media/jisha/D/trash_dataset/Brookhaven MRF 20250604/Camera1/GX010023.MP4,,/media/jisha/E/trash_dataset/camera1_plastics_shareable_dataset/audio_video_clips/GX010023/GX010023__000458.300__000459.900.mp4,created
GX010023,/media/jisha/E/trash_dataset/Brookhaven MRF 20250604 Preproc/Camera 1/GX010023/data/meta2.csv,466.5,467.06,0.5600000000000023,Five.,,Containers #5/PP,Plastics,4,4,000914,000917,000914 | 000915 | 000916 | 000917,/media/jisha/D/trash_dataset/Brookhaven MRF 20250604/Camera1/GX010023.MP4,,/media/jisha/E/trash_dataset/camera1_plastics_shareable_dataset/audio_video_clips/GX010023/GX010023__000466.500__000467.060.mp4,created
GX010023,/media/jisha/E/trash_dataset/Brookhaven MRF 20250604 Preproc/Camera 1/GX010023/data/meta2.csv,475.86,476.94,1.079999999999984,Two colored.,,Containers #2 Colored,Plastics,1,1,000962,000962,000962,/media/jisha/D/trash_dataset/Brookhaven MRF 20250604/Camera1/GX010023.MP4,,/media/jisha/E/trash_dataset/camera1_plastics_shareable_dataset/audio_video_clips/GX010023/GX010023__000475.860__000476.940.mp4,created
GX010023,/media/jisha/E/trash_dataset/Brookhaven MRF 20250604 Preproc/Camera 1/GX010023/data/meta2.csv,478.22,478.66,0.4399999999999977,Five.,,Containers #5/PP,Plastics,3,3,000968,000970,000968 | 000969 | 000970,/media/jisha/D/trash_dataset/Brookhaven MRF 20250604/Camera1/GX010023.MP4,,/media/jisha/E/trash_dataset/camera1_plastics_shareable_dataset/audio_video_clips/GX010023/GX010023__000478.220__000478.660.mp4,created
GX010023,/media/jisha/E/trash_dataset/Brookhaven MRF 20250604 Preproc/Camera 1/GX010023/data/meta2.csv,481.47,483.24,1.7699999999999818,Number one deposit.,,Deposit #1 Bottles,Plastics,10,8,000974,000984,000974 | 000976 | 000977 | 000978 | 000979 | 000980 | 000981 | 000984,/media/jisha/D/trash_dataset/Brookhaven MRF 20250604/Camera1/GX010023.MP4,,/media/jisha/E/trash_dataset/camera1_plastics_shareable_dataset/audio_video_clips/GX010023/GX010023__000481.470__000483.240.mp4,created
GX010023,/media/jisha/E/trash_dataset/Brookhaven MRF 20250604 Preproc/Camera 1/GX010023/data/meta2.csv,485.52,487.36,1.8400000000000318,One non -deposit.,,Other #1 Bottles,Plastics,3,3,000993,000998,000993 | 000997 | 000998,/media/jisha/D/trash_dataset/Brookhaven MRF 20250604/Camera1/GX010023.MP4,,/media/jisha/E/trash_dataset/camera1_plastics_shareable_dataset/audio_video_clips/GX010023/GX010023__000485.520__000487.360.mp4,created
GX010023,/media/jisha/E/trash_dataset/Brookhaven MRF 20250604 Preproc/Camera 1/GX010023/data/meta2.csv,511.12,512.8,1.67999999999995,Other plastic.,,Other Plastics,Plastics,1,1,001014,001014,001014,/media/jisha/D/trash_dataset/Brookhaven MRF 20250604/Camera1/GX010023.MP4,,/media/jisha/E/trash_dataset/camera1_plastics_shareable_dataset/audio_video_clips/GX010023/GX010023__000511.120__000512.800.mp4,created
GX010023,/media/jisha/E/trash_dataset/Brookhaven MRF 20250604 Preproc/Camera 1/GX010023/data/meta2.csv,533.08,535.88,2.7999999999999545,Other plastic,,Other Plastics,Plastics,8,6,001016,001021,001016 | 001017 | 001018 | 001019 | 001020 | 001021,/media/jisha/D/trash_dataset/Brookhaven MRF 20250604/Camera1/GX010023.MP4,,/media/jisha/E/trash_dataset/camera1_plastics_shareable_dataset/audio_video_clips/GX010023/GX010023__000533.080__000535.880.mp4,created
GX010023,/media/jisha/E/trash_dataset/Brookhaven MRF 20250604 Preproc/Camera 1/GX010023/data/meta2.csv,542.58,545.38,2.7999999999999545,Bulky rigid,,Other Rigid/Bulky Plastics,Plastics,10,9,001044,001058,001044 | 001045 | 001046 | 001047 | 001048 | 001050 | 001051 | 001057 | 001058,/media/jisha/D/trash_dataset/Brookhaven MRF 20250604/Camera1/GX010023.MP4,,/media/jisha/E/trash_dataset/camera1_plastics_shareable_dataset/audio_video_clips/GX010023/GX010023__000542.580__000545.380.mp4,created
GX010023,/media/jisha/E/trash_dataset/Brookhaven MRF 20250604 Preproc/Camera 1/GX010023/data/meta2.csv,566.93,570.46,3.5300000000000864,"Two colored non -deposit number one,",,Containers #2 Colored | Other #1 Bottles,Plastics,2,2,001124,001125,001124 | 001125,/media/jisha/D/trash_dataset/Brookhaven MRF 20250604/Camera1/GX010023.MP4,,/media/jisha/E/trash_dataset/camera1_plastics_shareable_dataset/audio_video_clips/GX010023/GX010023__000566.930__000570.460.mp4,created
GX010023,/media/jisha/E/trash_dataset/Brookhaven MRF 20250604 Preproc/Camera 1/GX010023/data/meta2.csv,572.18,577.2,5.0200000000000955,number two natural colored,,Containers #2 Colored,Plastics,13,12,001139,001169,001139 | 001141 | 001143 | 001149 | 001150 | 001153 | 001155 | 001159 | 001161 | 001162 | 001166 | 001169,/media/jisha/D/trash_dataset/Brookhaven MRF 20250604/Camera1/GX010023.MP4,,/media/jisha/E/trash_dataset/camera1_plastics_shareable_dataset/audio_video_clips/GX010023/GX010023__000572.180__000577.200.mp4,created
GX010023,/media/jisha/E/trash_dataset/Brookhaven MRF 20250604 Preproc/Camera 1/GX010023/data/meta2.csv,581.16,582.56,1.3999999999999773,Non -deposit number one,,Other #1 Bottles,Plastics,8,6,001178,001184,001178 | 001179 | 001180 | 001181 | 001182 | 001184,/media/jisha/D/trash_dataset/Brookhaven MRF 20250604/Camera1/GX010023.MP4,,/media/jisha/E/trash_dataset/camera1_plastics_shareable_dataset/audio_video_clips/GX010023/GX010023__000581.160__000582.560.mp4,created
GX010023,/media/jisha/E/trash_dataset/Brookhaven MRF 20250604 Preproc/Camera 1/GX010023/data/meta2.csv,583.7,584.66,0.9599999999999227,Other plastic,,Other Plastics,Plastics,2,2,001190,001191,001190 | 001191,/media/jisha/D/trash_dataset/Brookhaven MRF 20250604/Camera1/GX010023.MP4,,/media/jisha/E/trash_dataset/camera1_plastics_shareable_dataset/audio_video_clips/GX010023/GX010023__000583.700__000584.660.mp4,created
GX010023,/media/jisha/E/trash_dataset/Brookhaven MRF 20250604 Preproc/Camera 1/GX010023/data/meta2.csv,588.7,590.12,1.419999999999959,Other plastic,,Other Plastics,Plastics,1,1,001204,001204,001204,/media/jisha/D/trash_dataset/Brookhaven MRF 20250604/Camera1/GX010023.MP4,,/media/jisha/E/trash_dataset/camera1_plastics_shareable_dataset/audio_video_clips/GX010023/GX010023__000588.700__000590.120.mp4,created
GX010023,/media/jisha/E/trash_dataset/Brookhaven MRF 20250604 Preproc/Camera 1/GX010023/data/meta2.csv,590.12,591.88,1.759999999999991,Other plastic,,Other Plastics,Plastics,1,1,001216,001216,001216,/media/jisha/D/trash_dataset/Brookhaven MRF 20250604/Camera1/GX010023.MP4,,/media/jisha/E/trash_dataset/camera1_plastics_shareable_dataset/audio_video_clips/GX010023/GX010023__000590.120__000591.880.mp4,created
GX010023,/media/jisha/E/trash_dataset/Brookhaven MRF 20250604 Preproc/Camera 1/GX010023/data/meta2.csv,617.86,618.6,0.7400000000000091,Black plastic,,Black Plastic Containers,Plastics,4,4,001252,001255,001252 | 001253 | 001254 | 001255,/media/jisha/D/trash_dataset/Brookhaven MRF 20250604/Camera1/GX010023.MP4,,/media/jisha/E/trash_dataset/camera1_plastics_shareable_dataset/audio_video_clips/GX010023/GX010023__000617.860__000618.600.mp4,created
GX010023,/media/jisha/E/trash_dataset/Brookhaven MRF 20250604 Preproc/Camera 1/GX010023/data/meta2.csv,618.6,620.48,1.8799999999999955,Other non -deposit,,Non-Deposit,Plastics,1,1,001258,001258,001258,/media/jisha/D/trash_dataset/Brookhaven MRF 20250604/Camera1/GX010023.MP4,,/media/jisha/E/trash_dataset/camera1_plastics_shareable_dataset/audio_video_clips/GX010023/GX010023__000618.600__000620.480.mp4,created
GX010023,/media/jisha/E/trash_dataset/Brookhaven MRF 20250604 Preproc/Camera 1/GX010023/data/meta2.csv,623.84,625.04,1.1999999999999318,Non -deposit one,,Other #1 Bottles,Plastics,6,4,001288,001291,001288 | 001289 | 001290 | 001291,/media/jisha/D/trash_dataset/Brookhaven MRF 20250604/Camera1/GX010023.MP4,,/media/jisha/E/trash_dataset/camera1_plastics_shareable_dataset/audio_video_clips/GX010023/GX010023__000623.840__000625.040.mp4,created
GX010023,/media/jisha/E/trash_dataset/Brookhaven MRF 20250604 Preproc/Camera 1/GX010023/data/meta2.csv,637.14,638.42,1.2799999999999727,Number five,,Containers #5/PP,Plastics,7,6,001320,001325,001320 | 001321 | 001322 | 001323 | 001324 | 001325,/media/jisha/D/trash_dataset/Brookhaven MRF 20250604/Camera1/GX010023.MP4,,/media/jisha/E/trash_dataset/camera1_plastics_shareable_dataset/audio_video_clips/GX010023/GX010023__000637.140__000638.420.mp4,created
GX010023,/media/jisha/E/trash_dataset/Brookhaven MRF 20250604 Preproc/Camera 1/GX010023/data/meta2.csv,639.8,640.44,0.6400000000001,Clamshell,,Containers #1/Clamshells,Plastics,1,1,001329,001329,001329,/media/jisha/D/trash_dataset/Brookhaven MRF 20250604/Camera1/GX010023.MP4,,/media/jisha/E/trash_dataset/camera1_plastics_shareable_dataset/audio_video_clips/GX010023/GX010023__000639.800__000640.440.mp4,created
GX010023,/media/jisha/E/trash_dataset/Brookhaven MRF 20250604 Preproc/Camera 1/GX010023/data/meta2.csv,652.36,653.0,0.6399999999999864,Unnumbered,,Other Unnumbered Containers & Fragments,Plastics,2,2,001341,001342,001341 | 001342,/media/jisha/D/trash_dataset/Brookhaven MRF 20250604/Camera1/GX010023.MP4,,/media/jisha/E/trash_dataset/camera1_plastics_shareable_dataset/audio_video_clips/GX010023/GX010023__000652.360__000653.000.mp4,created
GX010023,/media/jisha/E/trash_dataset/Brookhaven MRF 20250604 Preproc/Camera 1/GX010023/data/meta2.csv,654.68,655.96,1.2800000000000864,Other plastic,,Other Plastics,Plastics,5,4,001349,001353,001349 | 001350 | 001352 | 001353,/media/jisha/D/trash_dataset/Brookhaven MRF 20250604/Camera1/GX010023.MP4,,/media/jisha/E/trash_dataset/camera1_plastics_shareable_dataset/audio_video_clips/GX010023/GX010023__000654.680__000655.960.mp4,created
GX010023,/media/jisha/E/trash_dataset/Brookhaven MRF 20250604 Preproc/Camera 1/GX010023/data/meta2.csv,668.22,668.82,0.6000000000000227,Clamshell,,Containers #1/Clamshells,Plastics,4,3,001380,001382,001380 | 001381 | 001382,/media/jisha/D/trash_dataset/Brookhaven MRF 20250604/Camera1/GX010023.MP4,,/media/jisha/E/trash_dataset/camera1_plastics_shareable_dataset/audio_video_clips/GX010023/GX010023__000668.220__000668.820.mp4,created
GX010023,/media/jisha/E/trash_dataset/Brookhaven MRF 20250604 Preproc/Camera 1/GX010023/data/meta2.csv,674.32,676.68,2.3599999999999,Like a lid that you can screw on,,Deposit #1 Bottles,Plastics,1,1,001401,001401,001401,/media/jisha/D/trash_dataset/Brookhaven MRF 20250604/Camera1/GX010023.MP4,,/media/jisha/E/trash_dataset/camera1_plastics_shareable_dataset/audio_video_clips/GX010023/GX010023__000674.320__000676.680.mp4,created
GX010023,/media/jisha/E/trash_dataset/Brookhaven MRF 20250604 Preproc/Camera 1/GX010023/data/meta2.csv,676.68,677.96,1.2800000000000864,We consider that a bottle,,Other #1 Bottles,Plastics,10,8,001405,001412,001405 | 001406 | 001407 | 001408 | 001409 | 001410 | 001411 | 001412,/media/jisha/D/trash_dataset/Brookhaven MRF 20250604/Camera1/GX010023.MP4,,/media/jisha/E/trash_dataset/camera1_plastics_shareable_dataset/audio_video_clips/GX010023/GX010023__000676.680__000677.960.mp4,created
GX010023,/media/jisha/E/trash_dataset/Brookhaven MRF 20250604 Preproc/Camera 1/GX010023/data/meta2.csv,694.14,694.7,0.5600000000000591,Clamshell,,Containers #1/Clamshells,Plastics,2,2,001464,001465,001464 | 001465,/media/jisha/D/trash_dataset/Brookhaven MRF 20250604/Camera1/GX010023.MP4,,/media/jisha/E/trash_dataset/camera1_plastics_shareable_dataset/audio_video_clips/GX010023/GX010023__000694.140__000694.700.mp4,created
GX010023,/media/jisha/E/trash_dataset/Brookhaven MRF 20250604 Preproc/Camera 1/GX010023/data/meta2.csv,696.4,696.96,0.5600000000000591,"Lid,",,Containers #1/Clamshells,Plastics,5,4,001469,001472,001469 | 001470 | 001471 | 001472,/media/jisha/D/trash_dataset/Brookhaven MRF 20250604/Camera1/GX010023.MP4,,/media/jisha/E/trash_dataset/camera1_plastics_shareable_dataset/audio_video_clips/GX010023/GX010023__000696.400__000696.960.mp4,created
GX010023,/media/jisha/E/trash_dataset/Brookhaven MRF 20250604 Preproc/Camera 1/GX010023/data/meta2.csv,697.1,698.36,1.259999999999991,other unnumbered,,Other Unnumbered Containers & Fragments,Plastics,7,7,001476,001482,001476 | 001477 | 001478 | 001479 | 001480 | 001481 | 001482,/media/jisha/D/trash_dataset/Brookhaven MRF 20250604/Camera1/GX010023.MP4,,/media/jisha/E/trash_dataset/camera1_plastics_shareable_dataset/audio_video_clips/GX010023/GX010023__000697.100__000698.360.mp4,created
GX010023,/media/jisha/E/trash_dataset/Brookhaven MRF 20250604 Preproc/Camera 1/GX010023/data/meta2.csv,704.6,708.8,4.199999999999932,Other plastic,,Other Plastics,Plastics,1,1,001510,001510,001510,/media/jisha/D/trash_dataset/Brookhaven MRF 20250604/Camera1/GX010023.MP4,,/media/jisha/E/trash_dataset/camera1_plastics_shareable_dataset/audio_video_clips/GX010023/GX010023__000704.600__000708.800.mp4,created
GX010023,/media/jisha/E/trash_dataset/Brookhaven MRF 20250604 Preproc/Camera 1/GX010023/data/meta2.csv,709.5,711.16,1.6599999999999682,Black plastic,,Black Plastic Containers,Plastics,7,6,001524,001533,001524 | 001525 | 001528 | 001529 | 001530 | 001533,/media/jisha/D/trash_dataset/Brookhaven MRF 20250604/Camera1/GX010023.MP4,,/media/jisha/E/trash_dataset/camera1_plastics_shareable_dataset/audio_video_clips/GX010023/GX010023__000709.500__000711.160.mp4,created
GX010023,/media/jisha/E/trash_dataset/Brookhaven MRF 20250604 Preproc/Camera 1/GX010023/data/meta2.csv,711.16,713.98,2.82000000000005,Other plastic,,Other Plastics,Plastics,2,1,001539,001539,001539,/media/jisha/D/trash_dataset/Brookhaven MRF 20250604/Camera1/GX010023.MP4,,/media/jisha/E/trash_dataset/camera1_plastics_shareable_dataset/audio_video_clips/GX010023/GX010023__000711.160__000713.980.mp4,created
GX010023,/media/jisha/E/trash_dataset/Brookhaven MRF 20250604 Preproc/Camera 1/GX010023/data/meta2.csv,716.06,717.32,1.2600000000001046,Clamshell,,Containers #1/Clamshells,Plastics,6,5,001561,001566,001561 | 001563 | 001564 | 001565 | 001566,/media/jisha/D/trash_dataset/Brookhaven MRF 20250604/Camera1/GX010023.MP4,,/media/jisha/E/trash_dataset/camera1_plastics_shareable_dataset/audio_video_clips/GX010023/GX010023__000716.060__000717.320.mp4,created
GX010023,/media/jisha/E/trash_dataset/Brookhaven MRF 20250604 Preproc/Camera 1/GX010023/data/meta2.csv,724.54,726.06,1.5199999999999818,Other plastic,,Other Plastics,Plastics,5,4,001608,001613,001608 | 001609 | 001610 | 001613,/media/jisha/D/trash_dataset/Brookhaven MRF 20250604/Camera1/GX010023.MP4,,/media/jisha/E/trash_dataset/camera1_plastics_shareable_dataset/audio_video_clips/GX010023/GX010023__000724.540__000726.060.mp4,created
GX010023,/media/jisha/E/trash_dataset/Brookhaven MRF 20250604 Preproc/Camera 1/GX010023/data/meta2.csv,730.54,733.84,3.300000000000068,Other non -deposited,,Non-Deposit,Plastics,2,2,001653,001654,001653 | 001654,/media/jisha/D/trash_dataset/Brookhaven MRF 20250604/Camera1/GX010023.MP4,,/media/jisha/E/trash_dataset/camera1_plastics_shareable_dataset/audio_video_clips/GX010023/GX010023__000730.540__000733.840.mp4,created
GX010023,/media/jisha/E/trash_dataset/Brookhaven MRF 20250604 Preproc/Camera 1/GX010023/data/meta2.csv,740.96,743.32,2.3600000000000136,Number five,,Containers #5/PP,Plastics,17,17,001667,001684,001667 | 001668 | 001669 | 001670 | 001671 | 001672 | 001673 | 001674 | 001675 | 001676 | 001677 | 001678 | 001679 | 001680 | 001682 | 001683 | 001684,/media/jisha/D/trash_dataset/Brookhaven MRF 20250604/Camera1/GX010023.MP4,,/media/jisha/E/trash_dataset/camera1_plastics_shareable_dataset/audio_video_clips/GX010023/GX010023__000740.960__000743.320.mp4,created
GX010023,/media/jisha/E/trash_dataset/Brookhaven MRF 20250604 Preproc/Camera 1/GX010023/data/meta2.csv,746.4,750.86,4.460000000000036,Black plastic,,Black Plastic Containers,Plastics,2,2,001724,001725,001724 | 001725,/media/jisha/D/trash_dataset/Brookhaven MRF 20250604/Camera1/GX010023.MP4,,/media/jisha/E/trash_dataset/camera1_plastics_shareable_dataset/audio_video_clips/GX010023/GX010023__000746.400__000750.860.mp4,created
GX010023,/media/jisha/E/trash_dataset/Brookhaven MRF 20250604 Preproc/Camera 1/GX010023/data/meta2.csv,750.86,751.38,0.5199999999999818,Black plastic,,Black Plastic Containers,Plastics,3,2,001737,001738,001737 | 001738,/media/jisha/D/trash_dataset/Brookhaven MRF 20250604/Camera1/GX010023.MP4,,/media/jisha/E/trash_dataset/camera1_plastics_shareable_dataset/audio_video_clips/GX010023/GX010023__000750.860__000751.380.mp4,created
GX010023,/media/jisha/E/trash_dataset/Brookhaven MRF 20250604 Preproc/Camera 1/GX010023/data/meta2.csv,753.06,754.68,1.6200000000000045,Other unnumbered,,Other Unnumbered Containers & Fragments,Plastics,5,4,001759,001762,001759 | 001760 | 001761 | 001762,/media/jisha/D/trash_dataset/Brookhaven MRF 20250604/Camera1/GX010023.MP4,,/media/jisha/E/trash_dataset/camera1_plastics_shareable_dataset/audio_video_clips/GX010023/GX010023__000753.060__000754.680.mp4,created
GX010023,/media/jisha/E/trash_dataset/Brookhaven MRF 20250604 Preproc/Camera 1/GX010023/data/meta2.csv,754.68,756.92,2.240000000000009,One non -deposit.,,Other #1 Bottles,Plastics,3,2,001776,001777,001776 | 001777,/media/jisha/D/trash_dataset/Brookhaven MRF 20250604/Camera1/GX010023.MP4,,/media/jisha/E/trash_dataset/camera1_plastics_shareable_dataset/audio_video_clips/GX010023/GX010023__000754.680__000756.920.mp4,created
GX010023,/media/jisha/E/trash_dataset/Brookhaven MRF 20250604 Preproc/Camera 1/GX010023/data/meta2.csv,759.02,760.38,1.3600000000000136,"Deposit number one,",,Deposit #1 Bottles,Plastics,7,4,001786,001793,001786 | 001787 | 001792 | 001793,/media/jisha/D/trash_dataset/Brookhaven MRF 20250604/Camera1/GX010023.MP4,,/media/jisha/E/trash_dataset/camera1_plastics_shareable_dataset/audio_video_clips/GX010023/GX010023__000759.020__000760.380.mp4,created
GX010023,/media/jisha/E/trash_dataset/Brookhaven MRF 20250604 Preproc/Camera 1/GX010023/data/meta2.csv,761.82,763.38,1.5599999999999454,Non -deposit number one.,,Other #1 Bottles,Plastics,3,3,001803,001807,001803 | 001806 | 001807,/media/jisha/D/trash_dataset/Brookhaven MRF 20250604/Camera1/GX010023.MP4,,/media/jisha/E/trash_dataset/camera1_plastics_shareable_dataset/audio_video_clips/GX010023/GX010023__000761.820__000763.380.mp4,created
GX010023,/media/jisha/E/trash_dataset/Brookhaven MRF 20250604 Preproc/Camera 1/GX010023/data/meta2.csv,764.16,765.46,1.3000000000000682,Two natural.,,Containers #2 Natural,Plastics,1,1,001816,001816,001816,/media/jisha/D/trash_dataset/Brookhaven MRF 20250604/Camera1/GX010023.MP4,,/media/jisha/E/trash_dataset/camera1_plastics_shareable_dataset/audio_video_clips/GX010023/GX010023__000764.160__000765.460.mp4,created
GX010023,/media/jisha/E/trash_dataset/Brookhaven MRF 20250604 Preproc/Camera 1/GX010023/data/meta2.csv,766.0,767.26,1.259999999999991,Two natural.,,Containers #2 Natural,Plastics,2,2,001825,001826,001825 | 001826,/media/jisha/D/trash_dataset/Brookhaven MRF 20250604/Camera1/GX010023.MP4,,/media/jisha/E/trash_dataset/camera1_plastics_shareable_dataset/audio_video_clips/GX010023/GX010023__000766.000__000767.260.mp4,created
GX010023,/media/jisha/E/trash_dataset/Brookhaven MRF 20250604 Preproc/Camera 1/GX010023/data/meta2.csv,773.5,774.62,1.1200000000000045,Two natural.,,Containers #2 Natural,Plastics,4,4,001851,001855,001851 | 001852 | 001854 | 001855,/media/jisha/D/trash_dataset/Brookhaven MRF 20250604/Camera1/GX010023.MP4,,/media/jisha/E/trash_dataset/camera1_plastics_shareable_dataset/audio_video_clips/GX010023/GX010023__000773.500__000774.620.mp4,created
GX010023,/media/jisha/E/trash_dataset/Brookhaven MRF 20250604 Preproc/Camera 1/GX010023/data/meta2.csv,775.14,776.64,1.5,Three through seven.,,Containers #3-7 (Not #5),Plastics,1,1,001869,001869,001869,/media/jisha/D/trash_dataset/Brookhaven MRF 20250604/Camera1/GX010023.MP4,,/media/jisha/E/trash_dataset/camera1_plastics_shareable_dataset/audio_video_clips/GX010023/GX010023__000775.140__000776.640.mp4,created
GX010023,/media/jisha/E/trash_dataset/Brookhaven MRF 20250604 Preproc/Camera 1/GX010023/data/meta2.csv,781.82,782.58,0.7599999999999909,Black plastic.,,Black Plastic Containers,Plastics,1,1,001905,001905,001905,/media/jisha/D/trash_dataset/Brookhaven MRF 20250604/Camera1/GX010023.MP4,,/media/jisha/E/trash_dataset/camera1_plastics_shareable_dataset/audio_video_clips/GX010023/GX010023__000781.820__000782.580.mp4,created
GX010023,/media/jisha/E/trash_dataset/Brookhaven MRF 20250604 Preproc/Camera 1/GX010023/data/meta2.csv,797.54,797.86,0.32000000000005,Number five.,,Containers #5/PP,Plastics,2,2,001936,001937,001936 | 001937,/media/jisha/D/trash_dataset/Brookhaven MRF 20250604/Camera1/GX010023.MP4,,/media/jisha/E/trash_dataset/camera1_plastics_shareable_dataset/audio_video_clips/GX010023/GX010023__000797.540__000797.860.mp4,created
GX010023,/media/jisha/E/trash_dataset/Brookhaven MRF 20250604 Preproc/Camera 1/GX010023/data/meta2.csv,807.16,808.54,1.3799999999999955,Black plastic.,,Black Plastic Containers,Plastics,1,1,001953,001953,001953,/media/jisha/D/trash_dataset/Brookhaven MRF 20250604/Camera1/GX010023.MP4,,/media/jisha/E/trash_dataset/camera1_plastics_shareable_dataset/audio_video_clips/GX010023/GX010023__000807.160__000808.540.mp4,created
GX010023,/media/jisha/E/trash_dataset/Brookhaven MRF 20250604 Preproc/Camera 1/GX010023/data/meta2.csv,811.22,812.14,0.9199999999999591,Other plastic.,,Other Plastics,Plastics,2,2,001970,001971,001970 | 001971,/media/jisha/D/trash_dataset/Brookhaven MRF 20250604/Camera1/GX010023.MP4,,/media/jisha/E/trash_dataset/camera1_plastics_shareable_dataset/audio_video_clips/GX010023/GX010023__000811.220__000812.140.mp4,created
GX010023,/media/jisha/E/trash_dataset/Brookhaven MRF 20250604 Preproc/Camera 1/GX010023/data/meta2.csv,812.14,814.24,2.1000000000000227,Other plastic.,,Other Plastics,Plastics,2,2,001984,001989,001984 | 001989,/media/jisha/D/trash_dataset/Brookhaven MRF 20250604/Camera1/GX010023.MP4,,/media/jisha/E/trash_dataset/camera1_plastics_shareable_dataset/audio_video_clips/GX010023/GX010023__000812.140__000814.240.mp4,created
GX010023,/media/jisha/E/trash_dataset/Brookhaven MRF 20250604 Preproc/Camera 1/GX010023/data/meta2.csv,814.8,815.84,1.0400000000000773,Unnumbered.,,Other Unnumbered Containers & Fragments,Plastics,2,1,001995,001995,001995,/media/jisha/D/trash_dataset/Brookhaven MRF 20250604/Camera1/GX010023.MP4,,/media/jisha/E/trash_dataset/camera1_plastics_shareable_dataset/audio_video_clips/GX010023/GX010023__000814.800__000815.840.mp4,created
GX010023,/media/jisha/E/trash_dataset/Brookhaven MRF 20250604 Preproc/Camera 1/GX010023/data/meta2.csv,820.86,822.22,1.3600000000000136,Number one clamshell.,,Containers #1/Clamshells,Plastics,4,4,002019,002022,002019 | 002020 | 002021 | 002022,/media/jisha/D/trash_dataset/Brookhaven MRF 20250604/Camera1/GX010023.MP4,,/media/jisha/E/trash_dataset/camera1_plastics_shareable_dataset/audio_video_clips/GX010023/GX010023__000820.860__000822.220.mp4,created
GX010023,/media/jisha/E/trash_dataset/Brookhaven MRF 20250604 Preproc/Camera 1/GX010023/data/meta2.csv,823.9,825.16,1.259999999999991,Deposit number one.,,Deposit #1 Bottles,Plastics,2,2,002038,002039,002038 | 002039,/media/jisha/D/trash_dataset/Brookhaven MRF 20250604/Camera1/GX010023.MP4,,/media/jisha/E/trash_dataset/camera1_plastics_shareable_dataset/audio_video_clips/GX010023/GX010023__000823.900__000825.160.mp4,created
GX010023,/media/jisha/E/trash_dataset/Brookhaven MRF 20250604 Preproc/Camera 1/GX010023/data/meta2.csv,826.94,827.82,0.8799999999999955,Five.,,Containers #5/PP,Plastics,10,6,002043,002048,002043 | 002044 | 002045 | 002046 | 002047 | 002048,/media/jisha/D/trash_dataset/Brookhaven MRF 20250604/Camera1/GX010023.MP4,,/media/jisha/E/trash_dataset/camera1_plastics_shareable_dataset/audio_video_clips/GX010023/GX010023__000826.940__000827.820.mp4,created
GX010023,/media/jisha/E/trash_dataset/Brookhaven MRF 20250604 Preproc/Camera 1/GX010023/data/meta2.csv,828.9,830.6,1.7000000000000455,Other plastic.,,Other Plastics,Plastics,5,4,002050,002053,002050 | 002051 | 002052 | 002053,/media/jisha/D/trash_dataset/Brookhaven MRF 20250604/Camera1/GX010023.MP4,,/media/jisha/E/trash_dataset/camera1_plastics_shareable_dataset/audio_video_clips/GX010023/GX010023__000828.900__000830.600.mp4,created
GX010023,/media/jisha/E/trash_dataset/Brookhaven MRF 20250604 Preproc/Camera 1/GX010023/data/meta2.csv,841.18,842.56,1.3799999999999955,Number five.,,Containers #5/PP,Plastics,3,2,002078,002080,002078 | 002080,/media/jisha/D/trash_dataset/Brookhaven MRF 20250604/Camera1/GX010023.MP4,,/media/jisha/E/trash_dataset/camera1_plastics_shareable_dataset/audio_video_clips/GX010023/GX010023__000841.180__000842.560.mp4,created
GX010023,/media/jisha/E/trash_dataset/Brookhaven MRF 20250604 Preproc/Camera 1/GX010023/data/meta2.csv,844.36,845.0,0.6399999999999864,Black plastic.,,Black Plastic Containers,Plastics,3,3,002092,002095,002092 | 002093 | 002095,/media/jisha/D/trash_dataset/Brookhaven MRF 20250604/Camera1/GX010023.MP4,,/media/jisha/E/trash_dataset/camera1_plastics_shareable_dataset/audio_video_clips/GX010023/GX010023__000844.360__000845.000.mp4,created
GX010023,/media/jisha/E/trash_dataset/Brookhaven MRF 20250604 Preproc/Camera 1/GX010023/data/meta2.csv,848.16,849.0,0.8400000000000318,Unnumbered.,,Other Unnumbered Containers & Fragments,Plastics,1,1,002097,002097,002097,/media/jisha/D/trash_dataset/Brookhaven MRF 20250604/Camera1/GX010023.MP4,,/media/jisha/E/trash_dataset/camera1_plastics_shareable_dataset/audio_video_clips/GX010023/GX010023__000848.160__000849.000.mp4,created
GX010023,/media/jisha/E/trash_dataset/Brookhaven MRF 20250604 Preproc/Camera 1/GX010023/data/meta2.csv,849.0,849.48,0.4800000000000182,Number five.,,Containers #5/PP,Plastics,2,2,002104,002105,002104 | 002105,/media/jisha/D/trash_dataset/Brookhaven MRF 20250604/Camera1/GX010023.MP4,,/media/jisha/E/trash_dataset/camera1_plastics_shareable_dataset/audio_video_clips/GX010023/GX010023__000849.000__000849.480.mp4,created
GX010023,/media/jisha/E/trash_dataset/Brookhaven MRF 20250604 Preproc/Camera 1/GX010023/data/meta2.csv,849.88,851.02,1.1399999999999864,One clamshell.,,Containers #1/Clamshells,Plastics,1,1,002113,002113,002113,/media/jisha/D/trash_dataset/Brookhaven MRF 20250604/Camera1/GX010023.MP4,,/media/jisha/E/trash_dataset/camera1_plastics_shareable_dataset/audio_video_clips/GX010023/GX010023__000849.880__000851.020.mp4,created
GX010023,/media/jisha/E/trash_dataset/Brookhaven MRF 20250604 Preproc/Camera 1/GX010023/data/meta2.csv,851.14,852.32,1.1800000000000637,One clamshell.,,Containers #1/Clamshells,Plastics,2,2,002124,002125,002124 | 002125,/media/jisha/D/trash_dataset/Brookhaven MRF 20250604/Camera1/GX010023.MP4,,/media/jisha/E/trash_dataset/camera1_plastics_shareable_dataset/audio_video_clips/GX010023/GX010023__000851.140__000852.320.mp4,created
GX010023,/media/jisha/E/trash_dataset/Brookhaven MRF 20250604 Preproc/Camera 1/GX010023/data/meta2.csv,852.38,853.78,1.3999999999999773,One unnumbered.,,Other Unnumbered Containers & Fragments,Plastics,8,5,002130,002136,002130 | 002131 | 002132 | 002133 | 002136,/media/jisha/D/trash_dataset/Brookhaven MRF 20250604/Camera1/GX010023.MP4,,/media/jisha/E/trash_dataset/camera1_plastics_shareable_dataset/audio_video_clips/GX010023/GX010023__000852.380__000853.780.mp4,created
GX010023,/media/jisha/E/trash_dataset/Brookhaven MRF 20250604 Preproc/Camera 1/GX010023/data/meta2.csv,855.44,856.28,0.8399999999999181,Five.,,Containers #5/PP,Plastics,7,4,002138,002141,002138 | 002139 | 002140 | 002141,/media/jisha/D/trash_dataset/Brookhaven MRF 20250604/Camera1/GX010023.MP4,,/media/jisha/E/trash_dataset/camera1_plastics_shareable_dataset/audio_video_clips/GX010023/GX010023__000855.440__000856.280.mp4,created
GX010023,/media/jisha/E/trash_dataset/Brookhaven MRF 20250604 Preproc/Camera 1/GX010023/data/meta2.csv,857.26,858.1,0.8400000000000318,Five.,,Containers #5/PP,Plastics,10,6,002145,002150,002145 | 002146 | 002147 | 002148 | 002149 | 002150,/media/jisha/D/trash_dataset/Brookhaven MRF 20250604/Camera1/GX010023.MP4,,/media/jisha/E/trash_dataset/camera1_plastics_shareable_dataset/audio_video_clips/GX010023/GX010023__000857.260__000858.100.mp4,created
GX010023,/media/jisha/E/trash_dataset/Brookhaven MRF 20250604 Preproc/Camera 1/GX010023/data/meta2.csv,858.8,861.82,3.0200000000000955,"I can't say one unnumbered,",,Other Unnumbered Containers & Fragments,Plastics,1,1,002160,002160,002160,/media/jisha/D/trash_dataset/Brookhaven MRF 20250604/Camera1/GX010023.MP4,,/media/jisha/E/trash_dataset/camera1_plastics_shareable_dataset/audio_video_clips/GX010023/GX010023__000858.800__000861.820.mp4,created
GX010023,/media/jisha/E/trash_dataset/Brookhaven MRF 20250604 Preproc/Camera 1/GX010023/data/meta2.csv,863.5,864.44,0.9400000000000546,Black plastic.,,Black Plastic Containers,Plastics,7,6,002188,002194,002188 | 002189 | 002190 | 002191 | 002192 | 002194,/media/jisha/D/trash_dataset/Brookhaven MRF 20250604/Camera1/GX010023.MP4,,/media/jisha/E/trash_dataset/camera1_plastics_shareable_dataset/audio_video_clips/GX010023/GX010023__000863.500__000864.440.mp4,created
GX010023,/media/jisha/E/trash_dataset/Brookhaven MRF 20250604 Preproc/Camera 1/GX010023/data/meta2.csv,866.94,867.58,0.6399999999999864,Unnumbered.,,Other Unnumbered Containers & Fragments,Plastics,2,1,002197,002197,002197,/media/jisha/D/trash_dataset/Brookhaven MRF 20250604/Camera1/GX010023.MP4,,/media/jisha/E/trash_dataset/camera1_plastics_shareable_dataset/audio_video_clips/GX010023/GX010023__000866.940__000867.580.mp4,created
GX010023,/media/jisha/E/trash_dataset/Brookhaven MRF 20250604 Preproc/Camera 1/GX010023/data/meta2.csv,872.02,873.44,1.4200000000000728,Number one non -deposit.,,Other #1 Bottles,Plastics,2,2,002208,002209,002208 | 002209,/media/jisha/D/trash_dataset/Brookhaven MRF 20250604/Camera1/GX010023.MP4,,/media/jisha/E/trash_dataset/camera1_plastics_shareable_dataset/audio_video_clips/GX010023/GX010023__000872.020__000873.440.mp4,created
GX010023,/media/jisha/E/trash_dataset/Brookhaven MRF 20250604 Preproc/Camera 1/GX010023/data/meta2.csv,873.68,874.88,1.2000000000000455,Number one non -deposit.,,Other #1 Bottles,Plastics,1,1,002219,002219,002219,/media/jisha/D/trash_dataset/Brookhaven MRF 20250604/Camera1/GX010023.MP4,,/media/jisha/E/trash_dataset/camera1_plastics_shareable_dataset/audio_video_clips/GX010023/GX010023__000873.680__000874.880.mp4,created
GX010023,/media/jisha/E/trash_dataset/Brookhaven MRF 20250604 Preproc/Camera 1/GX010023/data/meta2.csv,876.22,877.64,1.419999999999959,Number one non -deposit.,,Other #1 Bottles,Plastics,1,1,002229,002229,002229,/media/jisha/D/trash_dataset/Brookhaven MRF 20250604/Camera1/GX010023.MP4,,/media/jisha/E/trash_dataset/camera1_plastics_shareable_dataset/audio_video_clips/GX010023/GX010023__000876.220__000877.640.mp4,created
GX010023,/media/jisha/E/trash_dataset/Brookhaven MRF 20250604 Preproc/Camera 1/GX010023/data/meta2.csv,883.44,884.08,0.6399999999999864,Five.,,Containers #5/PP,Plastics,3,3,002238,002240,002238 | 002239 | 002240,/media/jisha/D/trash_dataset/Brookhaven MRF 20250604/Camera1/GX010023.MP4,,/media/jisha/E/trash_dataset/camera1_plastics_shareable_dataset/audio_video_clips/GX010023/GX010023__000883.440__000884.080.mp4,created
GX010023,/media/jisha/E/trash_dataset/Brookhaven MRF 20250604 Preproc/Camera 1/GX010023/data/meta2.csv,902.54,903.86,1.32000000000005,Other plastic.,,Other Plastics,Plastics,1,1,002248,002248,002248,/media/jisha/D/trash_dataset/Brookhaven MRF 20250604/Camera1/GX010023.MP4,,/media/jisha/E/trash_dataset/camera1_plastics_shareable_dataset/audio_video_clips/GX010023/GX010023__000902.540__000903.860.mp4,created
GX010023,/media/jisha/E/trash_dataset/Brookhaven MRF 20250604 Preproc/Camera 1/GX010023/data/meta2.csv,907.14,908.46,1.32000000000005,Other plastic.,,Other Plastics,Plastics,1,1,002263,002263,002263,/media/jisha/D/trash_dataset/Brookhaven MRF 20250604/Camera1/GX010023.MP4,,/media/jisha/E/trash_dataset/camera1_plastics_shareable_dataset/audio_video_clips/GX010023/GX010023__000907.140__000908.460.mp4,created
GX010023,/media/jisha/E/trash_dataset/Brookhaven MRF 20250604 Preproc/Camera 1/GX010023/data/meta2.csv,911.84,913.64,1.7999999999999545,One non -deposit.,,Other #1 Bottles,Plastics,5,5,002265,002274,002265 | 002268 | 002272 | 002273 | 002274,/media/jisha/D/trash_dataset/Brookhaven MRF 20250604/Camera1/GX010023.MP4,,/media/jisha/E/trash_dataset/camera1_plastics_shareable_dataset/audio_video_clips/GX010023/GX010023__000911.840__000913.640.mp4,created
GX010023,/media/jisha/E/trash_dataset/Brookhaven MRF 20250604 Preproc/Camera 1/GX010023/data/meta2.csv,913.9,915.34,1.4400000000000546,It doesn't have number.,,Other Unnumbered Containers & Fragments,Plastics,4,2,002286,002287,002286 | 002287,/media/jisha/D/trash_dataset/Brookhaven MRF 20250604/Camera1/GX010023.MP4,,/media/jisha/E/trash_dataset/camera1_plastics_shareable_dataset/audio_video_clips/GX010023/GX010023__000913.900__000915.340.mp4,created
GX010023,/media/jisha/E/trash_dataset/Brookhaven MRF 20250604 Preproc/Camera 1/GX010023/data/meta2.csv,915.64,916.62,0.9800000000000182,Just a number.,,Other Unnumbered Containers & Fragments,Plastics,6,5,002293,002297,002293 | 002294 | 002295 | 002296 | 002297,/media/jisha/D/trash_dataset/Brookhaven MRF 20250604/Camera1/GX010023.MP4,,/media/jisha/E/trash_dataset/camera1_plastics_shareable_dataset/audio_video_clips/GX010023/GX010023__000915.640__000916.620.mp4,created
GX010023,/media/jisha/E/trash_dataset/Brookhaven MRF 20250604 Preproc/Camera 1/GX010023/data/meta2.csv,916.82,917.44,0.6200000000000045,Unnumbered container.,,Other Unnumbered Containers & Fragments,Plastics,3,2,002299,002300,002299 | 002300,/media/jisha/D/trash_dataset/Brookhaven MRF 20250604/Camera1/GX010023.MP4,,/media/jisha/E/trash_dataset/camera1_plastics_shareable_dataset/audio_video_clips/GX010023/GX010023__000916.820__000917.440.mp4,created
GX010023,/media/jisha/E/trash_dataset/Brookhaven MRF 20250604 Preproc/Camera 1/GX010023/data/meta2.csv,919.98,920.86,0.8799999999999955,Unnumbered нельзя.,,Other Unnumbered Containers & Fragments,Plastics,4,4,002304,002307,002304 | 002305 | 002306 | 002307,/media/jisha/D/trash_dataset/Brookhaven MRF 20250604/Camera1/GX010023.MP4,,/media/jisha/E/trash_dataset/camera1_plastics_shareable_dataset/audio_video_clips/GX010023/GX010023__000919.980__000920.860.mp4,created
GX010023,/media/jisha/E/trash_dataset/Brookhaven MRF 20250604 Preproc/Camera 1/GX010023/data/meta2.csv,933.26,933.88,0.6200000000000045,Number 4.,,Containers #3-7 (Not #5),Plastics,4,4,002311,002314,002311 | 002312 | 002313 | 002314,/media/jisha/D/trash_dataset/Brookhaven MRF 20250604/Camera1/GX010023.MP4,,/media/jisha/E/trash_dataset/camera1_plastics_shareable_dataset/audio_video_clips/GX010023/GX010023__000933.260__000933.880.mp4,created
GX010023,/media/jisha/E/trash_dataset/Brookhaven MRF 20250604 Preproc/Camera 1/GX010023/data/meta2.csv,939.4,940.3,0.8999999999999773,One clamshell.,,Containers #1/Clamshells,Plastics,4,4,002317,002321,002317 | 002319 | 002320 | 002321,/media/jisha/D/trash_dataset/Brookhaven MRF 20250604/Camera1/GX010023.MP4,,/media/jisha/E/trash_dataset/camera1_plastics_shareable_dataset/audio_video_clips/GX010023/GX010023__000939.400__000940.300.mp4,created
GX010023,/media/jisha/E/trash_dataset/Brookhaven MRF 20250604 Preproc/Camera 1/GX010023/data/meta2.csv,940.92,942.58,1.6600000000000819,"If you find numbers,",,Other Unnumbered Containers & Fragments,Plastics,6,4,002326,002333,002326 | 002328 | 002332 | 002333,/media/jisha/D/trash_dataset/Brookhaven MRF 20250604/Camera1/GX010023.MP4,,/media/jisha/E/trash_dataset/camera1_plastics_shareable_dataset/audio_video_clips/GX010023/GX010023__000940.920__000942.580.mp4,created
GX010023,/media/jisha/E/trash_dataset/Brookhaven MRF 20250604 Preproc/Camera 1/GX010023/data/meta2.csv,945.46,945.78,0.31999999999993634,"Five,",,Containers #5/PP,Plastics,1,1,002350,002350,002350,/media/jisha/D/trash_dataset/Brookhaven MRF 20250604/Camera1/GX010023.MP4,,/media/jisha/E/trash_dataset/camera1_plastics_shareable_dataset/audio_video_clips/GX010023/GX010023__000945.460__000945.780.mp4,created
GX010023,/media/jisha/E/trash_dataset/Brookhaven MRF 20250604 Preproc/Camera 1/GX010023/data/meta2.csv,950.02,950.66,0.6399999999999864,Unnumbered.,,Other Unnumbered Containers & Fragments,Plastics,4,4,002352,002355,002352 | 002353 | 002354 | 002355,/media/jisha/D/trash_dataset/Brookhaven MRF 20250604/Camera1/GX010023.MP4,,/media/jisha/E/trash_dataset/camera1_plastics_shareable_dataset/audio_video_clips/GX010023/GX010023__000950.020__000950.660.mp4,created
GX010023,/media/jisha/E/trash_dataset/Brookhaven MRF 20250604 Preproc/Camera 1/GX010023/data/meta2.csv,951.84,954.02,2.17999999999995,Deposit aluminum container or film.,,Other Plastic Film,Plastics,4,3,002363,002371,002363 | 002369 | 002371,/media/jisha/D/trash_dataset/Brookhaven MRF 20250604/Camera1/GX010023.MP4,,/media/jisha/E/trash_dataset/camera1_plastics_shareable_dataset/audio_video_clips/GX010023/GX010023__000951.840__000954.020.mp4,created
GX010023,/media/jisha/E/trash_dataset/Brookhaven MRF 20250604 Preproc/Camera 1/GX010023/data/meta2.csv,960.18,962.28,2.1000000000000227,Non -deposit one.,,Other #1 Bottles,Plastics,7,5,002376,002389,002376 | 002384 | 002385 | 002386 | 002389,/media/jisha/D/trash_dataset/Brookhaven MRF 20250604/Camera1/GX010023.MP4,,/media/jisha/E/trash_dataset/camera1_plastics_shareable_dataset/audio_video_clips/GX010023/GX010023__000960.180__000962.280.mp4,created
GX010023,/media/jisha/E/trash_dataset/Brookhaven MRF 20250604 Preproc/Camera 1/GX010023/data/meta2.csv,967.36,969.44,2.080000000000041,Other plastic.,,Other Plastics,Plastics,5,5,002402,002408,002402 | 002403 | 002406 | 002407 | 002408,/media/jisha/D/trash_dataset/Brookhaven MRF 20250604/Camera1/GX010023.MP4,,/media/jisha/E/trash_dataset/camera1_plastics_shareable_dataset/audio_video_clips/GX010023/GX010023__000967.360__000969.440.mp4,created
GX010023,/media/jisha/E/trash_dataset/Brookhaven MRF 20250604 Preproc/Camera 1/GX010023/data/meta2.csv,975.4,976.98,1.580000000000041,Other plastic.,,Other Plastics,Plastics,1,1,002415,002415,002415,/media/jisha/D/trash_dataset/Brookhaven MRF 20250604/Camera1/GX010023.MP4,,/media/jisha/E/trash_dataset/camera1_plastics_shareable_dataset/audio_video_clips/GX010023/GX010023__000975.400__000976.980.mp4,created
GX010023,/media/jisha/E/trash_dataset/Brookhaven MRF 20250604 Preproc/Camera 1/GX010023/data/meta2.csv,983.18,984.36,1.1800000000000637,One non -depos...,,Other #1 Bottles,Plastics,1,1,002454,002454,002454,/media/jisha/D/trash_dataset/Brookhaven MRF 20250604/Camera1/GX010023.MP4,,/media/jisha/E/trash_dataset/camera1_plastics_shareable_dataset/audio_video_clips/GX010023/GX010023__000983.180__000984.360.mp4,created
GX010023,/media/jisha/E/trash_dataset/Brookhaven MRF 20250604 Preproc/Camera 1/GX010023/data/meta2.csv,984.36,984.86,0.5,one deposit.,,Deposit #1 Bottles,Plastics,1,1,002460,002460,002460,/media/jisha/D/trash_dataset/Brookhaven MRF 20250604/Camera1/GX010023.MP4,,/media/jisha/E/trash_dataset/camera1_plastics_shareable_dataset/audio_video_clips/GX010023/GX010023__000984.360__000984.860.mp4,created
GX010023,/media/jisha/E/trash_dataset/Brookhaven MRF 20250604 Preproc/Camera 1/GX010023/data/meta2.csv,991.38,992.42,1.0399999999999636,Three through seven.,,Containers #3-7 (Not #5),Plastics,9,7,002462,002469,002462 | 002463 | 002464 | 002465 | 002467 | 002468 | 002469,/media/jisha/D/trash_dataset/Brookhaven MRF 20250604/Camera1/GX010023.MP4,,/media/jisha/E/trash_dataset/camera1_plastics_shareable_dataset/audio_video_clips/GX010023/GX010023__000991.380__000992.420.mp4,created
GX010023,/media/jisha/E/trash_dataset/Brookhaven MRF 20250604 Preproc/Camera 1/GX010023/data/meta2.csv,998.94,999.46,0.5199999999999818,Clamshell.,,Containers #1/Clamshells,Plastics,2,2,002472,002473,002472 | 002473,/media/jisha/D/trash_dataset/Brookhaven MRF 20250604/Camera1/GX010023.MP4,,/media/jisha/E/trash_dataset/camera1_plastics_shareable_dataset/audio_video_clips/GX010023/GX010023__000998.940__000999.460.mp4,created
GX010023,/media/jisha/E/trash_dataset/Brookhaven MRF 20250604 Preproc/Camera 1/GX010023/data/meta2.csv,1002.28,1003.32,1.0400000000000773,Non -deposit.,,Non-Deposit,Plastics,2,2,002476,002482,002476 | 002482,/media/jisha/D/trash_dataset/Brookhaven MRF 20250604/Camera1/GX010023.MP4,,/media/jisha/E/trash_dataset/camera1_plastics_shareable_dataset/audio_video_clips/GX010023/GX010023__001002.280__001003.320.mp4,created
GX010023,/media/jisha/E/trash_dataset/Brookhaven MRF 20250604 Preproc/Camera 1/GX010023/data/meta2.csv,1010.7,1012.14,1.4399999999999409,Number five.,,Containers #5/PP,Plastics,8,7,002504,002510,002504 | 002505 | 002506 | 002507 | 002508 | 002509 | 002510,/media/jisha/D/trash_dataset/Brookhaven MRF 20250604/Camera1/GX010023.MP4,,/media/jisha/E/trash_dataset/camera1_plastics_shareable_dataset/audio_video_clips/GX010023/GX010023__001010.700__001012.140.mp4,created
GX010023,/media/jisha/E/trash_dataset/Brookhaven MRF 20250604 Preproc/Camera 1/GX010023/data/meta2.csv,1013.52,1014.52,1.0,Two natural.,,Containers #2 Natural,Plastics,2,2,002516,002518,002516 | 002518,/media/jisha/D/trash_dataset/Brookhaven MRF 20250604/Camera1/GX010023.MP4,,/media/jisha/E/trash_dataset/camera1_plastics_shareable_dataset/audio_video_clips/GX010023/GX010023__001013.520__001014.520.mp4,created
GX010023,/media/jisha/E/trash_dataset/Brookhaven MRF 20250604 Preproc/Camera 1/GX010023/data/meta2.csv,1017.48,1018.16,0.67999999999995,Clamshell.,,Containers #1/Clamshells,Plastics,2,2,002524,002527,002524 | 002527,/media/jisha/D/trash_dataset/Brookhaven MRF 20250604/Camera1/GX010023.MP4,,/media/jisha/E/trash_dataset/camera1_plastics_shareable_dataset/audio_video_clips/GX010023/GX010023__001017.480__001018.160.mp4,created
GX010023,/media/jisha/E/trash_dataset/Brookhaven MRF 20250604 Preproc/Camera 1/GX010023/data/meta2.csv,1019.96,1021.06,1.099999999999909,Other plastic.,,Other Plastics,Plastics,1,1,002542,002542,002542,/media/jisha/D/trash_dataset/Brookhaven MRF 20250604/Camera1/GX010023.MP4,,/media/jisha/E/trash_dataset/camera1_plastics_shareable_dataset/audio_video_clips/GX010023/GX010023__001019.960__001021.060.mp4,created
GX010024,/media/jisha/E/trash_dataset/Brookhaven MRF 20250604 Preproc/Camera 1/GX010024/data/meta2.csv,260.02,260.98,0.9600000000000364,One on deposit.,,Deposit #1 Bottles,Plastics,1,1,000008,000008,000008,/media/jisha/D/trash_dataset/Brookhaven MRF 20250604/Camera1/GX010024.MP4,,/media/jisha/E/trash_dataset/camera1_plastics_shareable_dataset/audio_video_clips/GX010024/GX010024__000260.020__000260.980.mp4,created
GX010024,/media/jisha/E/trash_dataset/Brookhaven MRF 20250604 Preproc/Camera 1/GX010024/data/meta2.csv,319.72,322.16,2.4399999999999977,one non deposit,,Other #1 Bottles,Plastics,2,1,000059,000059,000059,/media/jisha/D/trash_dataset/Brookhaven MRF 20250604/Camera1/GX010024.MP4,,/media/jisha/E/trash_dataset/camera1_plastics_shareable_dataset/audio_video_clips/GX010024/GX010024__000319.720__000322.160.mp4,created
GX010024,/media/jisha/E/trash_dataset/Brookhaven MRF 20250604 Preproc/Camera 1/GX010024/data/meta2.csv,322.16,328.04,5.8799999999999955,one non -deposit,,Other #1 Bottles,Plastics,14,14,000083,000117,000083 | 000090 | 000093 | 000096 | 000097 | 000102 | 000103 | 000110 | 000111 | 000112 | 000114 | 000115 | 000116 | 000117,/media/jisha/D/trash_dataset/Brookhaven MRF 20250604/Camera1/GX010024.MP4,,/media/jisha/E/trash_dataset/camera1_plastics_shareable_dataset/audio_video_clips/GX010024/GX010024__000322.160__000328.040.mp4,created
GX010024,/media/jisha/E/trash_dataset/Brookhaven MRF 20250604 Preproc/Camera 1/GX010024/data/meta2.csv,328.04,334.62,6.579999999999984,foil clamshell garbage bag yeah,,Containers #1/Clamshells | Garbage Bags,Plastics,2,2,000166,000167,000166 | 000167,/media/jisha/D/trash_dataset/Brookhaven MRF 20250604/Camera1/GX010024.MP4,,/media/jisha/E/trash_dataset/camera1_plastics_shareable_dataset/audio_video_clips/GX010024/GX010024__000328.040__000334.620.mp4,created
GX010024,/media/jisha/E/trash_dataset/Brookhaven MRF 20250604 Preproc/Camera 1/GX010024/data/meta2.csv,334.62,336.98,2.3600000000000136,film,,Other Plastic Film,Plastics,2,2,000193,000194,000193 | 000194,/media/jisha/D/trash_dataset/Brookhaven MRF 20250604/Camera1/GX010024.MP4,,/media/jisha/E/trash_dataset/camera1_plastics_shareable_dataset/audio_video_clips/GX010024/GX010024__000334.620__000336.980.mp4,created
GX010024,/media/jisha/E/trash_dataset/Brookhaven MRF 20250604 Preproc/Camera 1/GX010024/data/meta2.csv,341.56,346.02,4.4599999999999795,two natural,,Containers #2 Natural,Plastics,14,11,000201,000234,000201 | 000202 | 000203 | 000221 | 000223 | 000224 | 000226 | 000227 | 000228 | 000229 | 000234,/media/jisha/D/trash_dataset/Brookhaven MRF 20250604/Camera1/GX010024.MP4,,/media/jisha/E/trash_dataset/camera1_plastics_shareable_dataset/audio_video_clips/GX010024/GX010024__000341.560__000346.020.mp4,created
GX010024,/media/jisha/E/trash_dataset/Brookhaven MRF 20250604 Preproc/Camera 1/GX010024/data/meta2.csv,350.8,353.28,2.4799999999999613,non -deposit one,,Other #1 Bottles,Plastics,11,8,000262,000273,000262 | 000263 | 000264 | 000268 | 000269 | 000271 | 000272 | 000273,/media/jisha/D/trash_dataset/Brookhaven MRF 20250604/Camera1/GX010024.MP4,,/media/jisha/E/trash_dataset/camera1_plastics_shareable_dataset/audio_video_clips/GX010024/GX010024__000350.800__000353.280.mp4,created
GX010024,/media/jisha/E/trash_dataset/Brookhaven MRF 20250604 Preproc/Camera 1/GX010024/data/meta2.csv,368.58,370.04,1.4600000000000364,one non -deposit,,Other #1 Bottles,Plastics,7,5,000325,000330,000325 | 000326 | 000327 | 000329 | 000330,/media/jisha/D/trash_dataset/Brookhaven MRF 20250604/Camera1/GX010024.MP4,,/media/jisha/E/trash_dataset/camera1_plastics_shareable_dataset/audio_video_clips/GX010024/GX010024__000368.580__000370.040.mp4,created
GX010024,/media/jisha/E/trash_dataset/Brookhaven MRF 20250604 Preproc/Camera 1/GX010024/data/meta2.csv,380.3,380.98,0.6800000000000068,five,,Containers #5/PP,Plastics,3,3,000348,000350,000348 | 000349 | 000350,/media/jisha/D/trash_dataset/Brookhaven MRF 20250604/Camera1/GX010024.MP4,,/media/jisha/E/trash_dataset/camera1_plastics_shareable_dataset/audio_video_clips/GX010024/GX010024__000380.300__000380.980.mp4,created
GX010024,/media/jisha/E/trash_dataset/Brookhaven MRF 20250604 Preproc/Camera 1/GX010024/data/meta2.csv,386.68,387.42,0.7400000000000091,non -deposit one,,Other #1 Bottles,Plastics,1,1,000367,000367,000367,/media/jisha/D/trash_dataset/Brookhaven MRF 20250604/Camera1/GX010024.MP4,,/media/jisha/E/trash_dataset/camera1_plastics_shareable_dataset/audio_video_clips/GX010024/GX010024__000386.680__000387.420.mp4,created
GX010024,/media/jisha/E/trash_dataset/Brookhaven MRF 20250604 Preproc/Camera 1/GX010024/data/meta2.csv,394.62,395.54,0.9200000000000159,film,,Other Plastic Film,Plastics,1,1,000381,000381,000381,/media/jisha/D/trash_dataset/Brookhaven MRF 20250604/Camera1/GX010024.MP4,,/media/jisha/E/trash_dataset/camera1_plastics_shareable_dataset/audio_video_clips/GX010024/GX010024__000394.620__000395.540.mp4,created
GX010024,/media/jisha/E/trash_dataset/Brookhaven MRF 20250604 Preproc/Camera 1/GX010024/data/meta2.csv,395.54,397.46,1.919999999999959,film other plastic,,Other Plastic Film | Other Plastics,Plastics,9,7,000387,000397,000387 | 000388 | 000393 | 000394 | 000395 | 000396 | 000397,/media/jisha/D/trash_dataset/Brookhaven MRF 20250604/Camera1/GX010024.MP4,,/media/jisha/E/trash_dataset/camera1_plastics_shareable_dataset/audio_video_clips/GX010024/GX010024__000395.540__000397.460.mp4,created
GX010024,/media/jisha/E/trash_dataset/Brookhaven MRF 20250604 Preproc/Camera 1/GX010024/data/meta2.csv,398.78,399.82,1.0400000000000205,five,,Containers #5/PP,Plastics,4,4,000403,000410,000403 | 000407 | 000409 | 000410,/media/jisha/D/trash_dataset/Brookhaven MRF 20250604/Camera1/GX010024.MP4,,/media/jisha/E/trash_dataset/camera1_plastics_shareable_dataset/audio_video_clips/GX010024/GX010024__000398.780__000399.820.mp4,created
GX010024,/media/jisha/E/trash_dataset/Brookhaven MRF 20250604 Preproc/Camera 1/GX010024/data/meta2.csv,400.62,401.94,1.3199999999999932,three to seven,,Containers #3-7 (Not #5),Plastics,5,4,000414,000421,000414 | 000415 | 000420 | 000421,/media/jisha/D/trash_dataset/Brookhaven MRF 20250604/Camera1/GX010024.MP4,,/media/jisha/E/trash_dataset/camera1_plastics_shareable_dataset/audio_video_clips/GX010024/GX010024__000400.620__000401.940.mp4,created
GX010024,/media/jisha/E/trash_dataset/Brookhaven MRF 20250604 Preproc/Camera 1/GX010024/data/meta2.csv,402.62,403.84,1.2199999999999704,clamshell,,Containers #1/Clamshells,Plastics,4,3,000425,000428,000425 | 000426 | 000428,/media/jisha/D/trash_dataset/Brookhaven MRF 20250604/Camera1/GX010024.MP4,,/media/jisha/E/trash_dataset/camera1_plastics_shareable_dataset/audio_video_clips/GX010024/GX010024__000402.620__000403.840.mp4,created
GX010024,/media/jisha/E/trash_dataset/Brookhaven MRF 20250604 Preproc/Camera 1/GX010024/data/meta2.csv,405.34,407.4,2.0600000000000023,I don't know that's a five,,Containers #5/PP,Plastics,2,2,000449,000450,000449 | 000450,/media/jisha/D/trash_dataset/Brookhaven MRF 20250604/Camera1/GX010024.MP4,,/media/jisha/E/trash_dataset/camera1_plastics_shareable_dataset/audio_video_clips/GX010024/GX010024__000405.340__000407.400.mp4,created
GX010024,/media/jisha/E/trash_dataset/Brookhaven MRF 20250604 Preproc/Camera 1/GX010024/data/meta2.csv,408.5,411.98,3.480000000000018,non -deposit garbage bag,,Garbage Bags | Non-Deposit,Plastics,16,15,000471,000493,000471 | 000473 | 000474 | 000476 | 000477 | 000478 | 000479 | 000480 | 000481 | 000482 | 000483 | 000487 | 000488 | 000492 | 000493,/media/jisha/D/trash_dataset/Brookhaven MRF 20250604/Camera1/GX010024.MP4,,/media/jisha/E/trash_dataset/camera1_plastics_shareable_dataset/audio_video_clips/GX010024/GX010024__000408.500__000411.980.mp4,created
GX010024,/media/jisha/E/trash_dataset/Brookhaven MRF 20250604 Preproc/Camera 1/GX010024/data/meta2.csv,419.84,422.82,2.980000000000018,non -deposit,,Non-Deposit,Plastics,1,1,000519,000519,000519,/media/jisha/D/trash_dataset/Brookhaven MRF 20250604/Camera1/GX010024.MP4,,/media/jisha/E/trash_dataset/camera1_plastics_shareable_dataset/audio_video_clips/GX010024/GX010024__000419.840__000422.820.mp4,created
GX010024,/media/jisha/E/trash_dataset/Brookhaven MRF 20250604 Preproc/Camera 1/GX010024/data/meta2.csv,429.72,432.36,2.6399999999999864,two colors,,Containers #2 Colored,Plastics,23,16,000547,000565,000547 | 000548 | 000549 | 000550 | 000551 | 000552 | 000553 | 000554 | 000557 | 000558 | 000559 | 000560 | 000561 | 000562 | 000563 | 000565,/media/jisha/D/trash_dataset/Brookhaven MRF 20250604/Camera1/GX010024.MP4,,/media/jisha/E/trash_dataset/camera1_plastics_shareable_dataset/audio_video_clips/GX010024/GX010024__000429.720__000432.360.mp4,created
GX010024,/media/jisha/E/trash_dataset/Brookhaven MRF 20250604 Preproc/Camera 1/GX010024/data/meta2.csv,432.38,435.64,3.259999999999991,number one,,Containers #1/Clamshells,Plastics,2,2,000588,000591,000588 | 000591,/media/jisha/D/trash_dataset/Brookhaven MRF 20250604/Camera1/GX010024.MP4,,/media/jisha/E/trash_dataset/camera1_plastics_shareable_dataset/audio_video_clips/GX010024/GX010024__000432.380__000435.640.mp4,created
GX010024,/media/jisha/E/trash_dataset/Brookhaven MRF 20250604 Preproc/Camera 1/GX010024/data/meta2.csv,435.64,437.48,1.8400000000000318,six two through seven,,Containers #3-7 (Not #5),Plastics,4,4,000595,000600,000595 | 000598 | 000599 | 000600,/media/jisha/D/trash_dataset/Brookhaven MRF 20250604/Camera1/GX010024.MP4,,/media/jisha/E/trash_dataset/camera1_plastics_shareable_dataset/audio_video_clips/GX010024/GX010024__000435.640__000437.480.mp4,created
GX010024,/media/jisha/E/trash_dataset/Brookhaven MRF 20250604 Preproc/Camera 1/GX010024/data/meta2.csv,439.64,440.96,1.3199999999999932,deposit one,,Deposit #1 Bottles,Plastics,3,2,000609,000611,000609 | 000611,/media/jisha/D/trash_dataset/Brookhaven MRF 20250604/Camera1/GX010024.MP4,,/media/jisha/E/trash_dataset/camera1_plastics_shareable_dataset/audio_video_clips/GX010024/GX010024__000439.640__000440.960.mp4,created
GX010024,/media/jisha/E/trash_dataset/Brookhaven MRF 20250604 Preproc/Camera 1/GX010024/data/meta2.csv,485.02,485.52,0.5,One corn shell.,,Containers #1/Clamshells,Plastics,1,1,000658,000658,000658,/media/jisha/D/trash_dataset/Brookhaven MRF 20250604/Camera1/GX010024.MP4,,/media/jisha/E/trash_dataset/camera1_plastics_shareable_dataset/audio_video_clips/GX010024/GX010024__000485.020__000485.520.mp4,created
GX010024,/media/jisha/E/trash_dataset/Brookhaven MRF 20250604 Preproc/Camera 1/GX010024/data/meta2.csv,491.22,492.76,1.5399999999999636,Non -deposit one.,,Other #1 Bottles,Plastics,1,1,000666,000666,000666,/media/jisha/D/trash_dataset/Brookhaven MRF 20250604/Camera1/GX010024.MP4,,/media/jisha/E/trash_dataset/camera1_plastics_shareable_dataset/audio_video_clips/GX010024/GX010024__000491.220__000492.760.mp4,created
GX010024,/media/jisha/E/trash_dataset/Brookhaven MRF 20250604 Preproc/Camera 1/GX010024/data/meta2.csv,509.32,511.0,1.6800000000000068,Two color.,,Containers #2 Colored,Plastics,4,4,000674,000684,000674 | 000675 | 000676 | 000684,/media/jisha/D/trash_dataset/Brookhaven MRF 20250604/Camera1/GX010024.MP4,,/media/jisha/E/trash_dataset/camera1_plastics_shareable_dataset/audio_video_clips/GX010024/GX010024__000509.320__000511.000.mp4,created
GX010024,/media/jisha/E/trash_dataset/Brookhaven MRF 20250604 Preproc/Camera 1/GX010024/data/meta2.csv,512.86,513.7,0.8400000000000318,Clamshell.,,Containers #1/Clamshells,Plastics,1,1,000690,000690,000690,/media/jisha/D/trash_dataset/Brookhaven MRF 20250604/Camera1/GX010024.MP4,,/media/jisha/E/trash_dataset/camera1_plastics_shareable_dataset/audio_video_clips/GX010024/GX010024__000512.860__000513.700.mp4,created
GX010024,/media/jisha/E/trash_dataset/Brookhaven MRF 20250604 Preproc/Camera 1/GX010024/data/meta2.csv,518.16,518.82,0.6600000000000819,One deposit.,,Deposit #1 Bottles,Plastics,5,5,000695,000699,000695 | 000696 | 000697 | 000698 | 000699,/media/jisha/D/trash_dataset/Brookhaven MRF 20250604/Camera1/GX010024.MP4,,/media/jisha/E/trash_dataset/camera1_plastics_shareable_dataset/audio_video_clips/GX010024/GX010024__000518.160__000518.820.mp4,created
GX010024,/media/jisha/E/trash_dataset/Brookhaven MRF 20250604 Preproc/Camera 1/GX010024/data/meta2.csv,519.9,521.46,1.5600000000000591,One non -deposit.,,Other #1 Bottles,Plastics,3,3,000706,000708,000706 | 000707 | 000708,/media/jisha/D/trash_dataset/Brookhaven MRF 20250604/Camera1/GX010024.MP4,,/media/jisha/E/trash_dataset/camera1_plastics_shareable_dataset/audio_video_clips/GX010024/GX010024__000519.900__000521.460.mp4,created
GX010024,/media/jisha/E/trash_dataset/Brookhaven MRF 20250604 Preproc/Camera 1/GX010024/data/meta2.csv,522.36,523.14,0.7799999999999727,Other plastic.,,Other Plastics,Plastics,1,1,000718,000718,000718,/media/jisha/D/trash_dataset/Brookhaven MRF 20250604/Camera1/GX010024.MP4,,/media/jisha/E/trash_dataset/camera1_plastics_shareable_dataset/audio_video_clips/GX010024/GX010024__000522.360__000523.140.mp4,created
GX010024,/media/jisha/E/trash_dataset/Brookhaven MRF 20250604 Preproc/Camera 1/GX010024/data/meta2.csv,523.78,525.26,1.4800000000000182,One non -deposit.,,Other #1 Bottles,Plastics,3,3,000731,000733,000731 | 000732 | 000733,/media/jisha/D/trash_dataset/Brookhaven MRF 20250604/Camera1/GX010024.MP4,,/media/jisha/E/trash_dataset/camera1_plastics_shareable_dataset/audio_video_clips/GX010024/GX010024__000523.780__000525.260.mp4,created
GX010024,/media/jisha/E/trash_dataset/Brookhaven MRF 20250604 Preproc/Camera 1/GX010024/data/meta2.csv,529.64,530.22,0.5800000000000409,One deposit.,,Deposit #1 Bottles,Plastics,4,2,000756,000757,000756 | 000757,/media/jisha/D/trash_dataset/Brookhaven MRF 20250604/Camera1/GX010024.MP4,,/media/jisha/E/trash_dataset/camera1_plastics_shareable_dataset/audio_video_clips/GX010024/GX010024__000529.640__000530.220.mp4,created
GX010024,/media/jisha/E/trash_dataset/Brookhaven MRF 20250604 Preproc/Camera 1/GX010024/data/meta2.csv,533.42,534.24,0.82000000000005,Clamshell.,,Containers #1/Clamshells,Plastics,1,1,000774,000774,000774,/media/jisha/D/trash_dataset/Brookhaven MRF 20250604/Camera1/GX010024.MP4,,/media/jisha/E/trash_dataset/camera1_plastics_shareable_dataset/audio_video_clips/GX010024/GX010024__000533.420__000534.240.mp4,created
GX010024,/media/jisha/E/trash_dataset/Brookhaven MRF 20250604 Preproc/Camera 1/GX010024/data/meta2.csv,537.34,537.76,0.4199999999999591,One deposit.,,Deposit #1 Bottles,Plastics,2,2,000777,000778,000777 | 000778,/media/jisha/D/trash_dataset/Brookhaven MRF 20250604/Camera1/GX010024.MP4,,/media/jisha/E/trash_dataset/camera1_plastics_shareable_dataset/audio_video_clips/GX010024/GX010024__000537.340__000537.760.mp4,created
GX010024,/media/jisha/E/trash_dataset/Brookhaven MRF 20250604 Preproc/Camera 1/GX010024/data/meta2.csv,538.3,539.52,1.2200000000000273,One non -deposit.,,Other #1 Bottles,Plastics,6,6,000780,000788,000780 | 000783 | 000784 | 000785 | 000787 | 000788,/media/jisha/D/trash_dataset/Brookhaven MRF 20250604/Camera1/GX010024.MP4,,/media/jisha/E/trash_dataset/camera1_plastics_shareable_dataset/audio_video_clips/GX010024/GX010024__000538.300__000539.520.mp4,created
GX010024,/media/jisha/E/trash_dataset/Brookhaven MRF 20250604 Preproc/Camera 1/GX010024/data/meta2.csv,559.56,560.22,0.6600000000000819,Other plastic.,,Other Plastics,Plastics,2,2,000790,000793,000790 | 000793,/media/jisha/D/trash_dataset/Brookhaven MRF 20250604/Camera1/GX010024.MP4,,/media/jisha/E/trash_dataset/camera1_plastics_shareable_dataset/audio_video_clips/GX010024/GX010024__000559.560__000560.220.mp4,created
GX010024,/media/jisha/E/trash_dataset/Brookhaven MRF 20250604 Preproc/Camera 1/GX010024/data/meta2.csv,561.1,561.9,0.7999999999999545,Five.,,Containers #5/PP,Plastics,5,4,000797,000801,000797 | 000799 | 000800 | 000801,/media/jisha/D/trash_dataset/Brookhaven MRF 20250604/Camera1/GX010024.MP4,,/media/jisha/E/trash_dataset/camera1_plastics_shareable_dataset/audio_video_clips/GX010024/GX010024__000561.100__000561.900.mp4,created
GX010024,/media/jisha/E/trash_dataset/Brookhaven MRF 20250604 Preproc/Camera 1/GX010024/data/meta2.csv,568.32,569.12,0.7999999999999545,Unnumbered.,,Other Unnumbered Containers & Fragments,Plastics,1,1,000820,000820,000820,/media/jisha/D/trash_dataset/Brookhaven MRF 20250604/Camera1/GX010024.MP4,,/media/jisha/E/trash_dataset/camera1_plastics_shareable_dataset/audio_video_clips/GX010024/GX010024__000568.320__000569.120.mp4,created
GX010024,/media/jisha/E/trash_dataset/Brookhaven MRF 20250604 Preproc/Camera 1/GX010024/data/meta2.csv,573.84,575.3,1.4599999999999227,One non -deposit.,,Other #1 Bottles,Plastics,5,4,000831,000837,000831 | 000834 | 000835 | 000837,/media/jisha/D/trash_dataset/Brookhaven MRF 20250604/Camera1/GX010024.MP4,,/media/jisha/E/trash_dataset/camera1_plastics_shareable_dataset/audio_video_clips/GX010024/GX010024__000573.840__000575.300.mp4,created
GX010024,/media/jisha/E/trash_dataset/Brookhaven MRF 20250604 Preproc/Camera 1/GX010024/data/meta2.csv,581.66,583.12,1.4600000000000364,One non -deposit.,,Other #1 Bottles,Plastics,1,1,000852,000852,000852,/media/jisha/D/trash_dataset/Brookhaven MRF 20250604/Camera1/GX010024.MP4,,/media/jisha/E/trash_dataset/camera1_plastics_shareable_dataset/audio_video_clips/GX010024/GX010024__000581.660__000583.120.mp4,created
GX010024,/media/jisha/E/trash_dataset/Brookhaven MRF 20250604 Preproc/Camera 1/GX010024/data/meta2.csv,586.26,586.68,0.4199999999999591,One non -deposit.,,Other #1 Bottles,Plastics,1,1,000869,000869,000869,/media/jisha/D/trash_dataset/Brookhaven MRF 20250604/Camera1/GX010024.MP4,,/media/jisha/E/trash_dataset/camera1_plastics_shareable_dataset/audio_video_clips/GX010024/GX010024__000586.260__000586.680.mp4,created
GX010024,/media/jisha/E/trash_dataset/Brookhaven MRF 20250604 Preproc/Camera 1/GX010024/data/meta2.csv,587.98,588.54,0.5599999999999454,One non -deposit.,,Other #1 Bottles,Plastics,3,2,000880,000881,000880 | 000881,/media/jisha/D/trash_dataset/Brookhaven MRF 20250604/Camera1/GX010024.MP4,,/media/jisha/E/trash_dataset/camera1_plastics_shareable_dataset/audio_video_clips/GX010024/GX010024__000587.980__000588.540.mp4,created
GX010024,/media/jisha/E/trash_dataset/Brookhaven MRF 20250604 Preproc/Camera 1/GX010024/data/meta2.csv,593.42,595.2,1.7800000000000864,One non -deposit.,,Other #1 Bottles,Plastics,1,1,000894,000894,000894,/media/jisha/D/trash_dataset/Brookhaven MRF 20250604/Camera1/GX010024.MP4,,/media/jisha/E/trash_dataset/camera1_plastics_shareable_dataset/audio_video_clips/GX010024/GX010024__000593.420__000595.200.mp4,created
GX010024,/media/jisha/E/trash_dataset/Brookhaven MRF 20250604 Preproc/Camera 1/GX010024/data/meta2.csv,596.34,596.74,0.39999999999997726,One deposit.,,Deposit #1 Bottles,Plastics,1,1,000907,000907,000907,/media/jisha/D/trash_dataset/Brookhaven MRF 20250604/Camera1/GX010024.MP4,,/media/jisha/E/trash_dataset/camera1_plastics_shareable_dataset/audio_video_clips/GX010024/GX010024__000596.340__000596.740.mp4,created
GX010024,/media/jisha/E/trash_dataset/Brookhaven MRF 20250604 Preproc/Camera 1/GX010024/data/meta2.csv,599.24,600.12,0.8799999999999955,One non -deposit.,,Other #1 Bottles,Plastics,3,3,000911,000915,000911 | 000914 | 000915,/media/jisha/D/trash_dataset/Brookhaven MRF 20250604/Camera1/GX010024.MP4,,/media/jisha/E/trash_dataset/camera1_plastics_shareable_dataset/audio_video_clips/GX010024/GX010024__000599.240__000600.120.mp4,created
GX010024,/media/jisha/E/trash_dataset/Brookhaven MRF 20250604 Preproc/Camera 1/GX010024/data/meta2.csv,617.98,618.76,0.7799999999999727,Unnumbered.,,Other Unnumbered Containers & Fragments,Plastics,8,5,000935,000939,000935 | 000936 | 000937 | 000938 | 000939,/media/jisha/D/trash_dataset/Brookhaven MRF 20250604/Camera1/GX010024.MP4,,/media/jisha/E/trash_dataset/camera1_plastics_shareable_dataset/audio_video_clips/GX010024/GX010024__000617.980__000618.760.mp4,created
GX010024,/media/jisha/E/trash_dataset/Brookhaven MRF 20250604 Preproc/Camera 1/GX010024/data/meta2.csv,625.14,626.1,0.9600000000000364,One non -deposit.,,Other #1 Bottles,Plastics,2,2,000944,000945,000944 | 000945,/media/jisha/D/trash_dataset/Brookhaven MRF 20250604/Camera1/GX010024.MP4,,/media/jisha/E/trash_dataset/camera1_plastics_shareable_dataset/audio_video_clips/GX010024/GX010024__000625.140__000626.100.mp4,created
GX010024,/media/jisha/E/trash_dataset/Brookhaven MRF 20250604 Preproc/Camera 1/GX010024/data/meta2.csv,627.7,628.88,1.17999999999995,Other plastic.,,Plastic,Plastics,4,4,000957,000961,000957 | 000958 | 000959 | 000961,/media/jisha/D/trash_dataset/Brookhaven MRF 20250604/Camera1/GX010024.MP4,,/media/jisha/E/trash_dataset/camera1_plastics_shareable_dataset/audio_video_clips/GX010024/GX010024__000627.700__000628.880.mp4,created
GX010024,/media/jisha/E/trash_dataset/Brookhaven MRF 20250604 Preproc/Camera 1/GX010024/data/meta2.csv,649.92,651.62,1.7000000000000455,Non -deposit one.,,Other #1 Bottles,Plastics,7,7,000981,000987,000981 | 000982 | 000983 | 000984 | 000985 | 000986 | 000987,/media/jisha/D/trash_dataset/Brookhaven MRF 20250604/Camera1/GX010024.MP4,,/media/jisha/E/trash_dataset/camera1_plastics_shareable_dataset/audio_video_clips/GX010024/GX010024__000649.920__000651.620.mp4,created
GX010024,/media/jisha/E/trash_dataset/Brookhaven MRF 20250604 Preproc/Camera 1/GX010024/data/meta2.csv,656.44,657.26,0.8199999999999363,Other plastic.,,Other Plastics,Plastics,6,3,000998,001000,000998 | 000999 | 001000,/media/jisha/D/trash_dataset/Brookhaven MRF 20250604/Camera1/GX010024.MP4,,/media/jisha/E/trash_dataset/camera1_plastics_shareable_dataset/audio_video_clips/GX010024/GX010024__000656.440__000657.260.mp4,created
GX010024,/media/jisha/E/trash_dataset/Brookhaven MRF 20250604 Preproc/Camera 1/GX010024/data/meta2.csv,658.66,659.24,0.5800000000000409,Non -deposit one.,,Other #1 Bottles,Plastics,1,1,001002,001002,001002,/media/jisha/D/trash_dataset/Brookhaven MRF 20250604/Camera1/GX010024.MP4,,/media/jisha/E/trash_dataset/camera1_plastics_shareable_dataset/audio_video_clips/GX010024/GX010024__000658.660__000659.240.mp4,created
GX010024,/media/jisha/E/trash_dataset/Brookhaven MRF 20250604 Preproc/Camera 1/GX010024/data/meta2.csv,659.48,660.78,1.2999999999999545,Non - deposit one.,,Other #1 Bottles,Plastics,3,3,001010,001012,001010 | 001011 | 001012,/media/jisha/D/trash_dataset/Brookhaven MRF 20250604/Camera1/GX010024.MP4,,/media/jisha/E/trash_dataset/camera1_plastics_shareable_dataset/audio_video_clips/GX010024/GX010024__000659.480__000660.780.mp4,created
GX010024,/media/jisha/E/trash_dataset/Brookhaven MRF 20250604 Preproc/Camera 1/GX010024/data/meta2.csv,662.86,663.36,0.5,ONE.,,Containers #1/Clamshells,Plastics,3,3,001022,001024,001022 | 001023 | 001024,/media/jisha/D/trash_dataset/Brookhaven MRF 20250604/Camera1/GX010024.MP4,,/media/jisha/E/trash_dataset/camera1_plastics_shareable_dataset/audio_video_clips/GX010024/GX010024__000662.860__000663.360.mp4,created
GX010024,/media/jisha/E/trash_dataset/Brookhaven MRF 20250604 Preproc/Camera 1/GX010024/data/meta2.csv,663.36,664.12,0.7599999999999909,Deposit one.,,Deposit #1 Bottles,Plastics,6,5,001026,001030,001026 | 001027 | 001028 | 001029 | 001030,/media/jisha/D/trash_dataset/Brookhaven MRF 20250604/Camera1/GX010024.MP4,,/media/jisha/E/trash_dataset/camera1_plastics_shareable_dataset/audio_video_clips/GX010024/GX010024__000663.360__000664.120.mp4,created
GX010024,/media/jisha/E/trash_dataset/Brookhaven MRF 20250604 Preproc/Camera 1/GX010024/data/meta2.csv,674.26,674.92,0.6599999999999682,Unnumbered.,,Other Unnumbered Containers & Fragments,Plastics,1,1,001045,001045,001045,/media/jisha/D/trash_dataset/Brookhaven MRF 20250604/Camera1/GX010024.MP4,,/media/jisha/E/trash_dataset/camera1_plastics_shareable_dataset/audio_video_clips/GX010024/GX010024__000674.260__000674.920.mp4,created
GX010024,/media/jisha/E/trash_dataset/Brookhaven MRF 20250604 Preproc/Camera 1/GX010024/data/meta2.csv,730.96,731.46,0.5,Two natural.,,Containers #2 Natural,Plastics,5,3,001116,001118,001116 | 001117 | 001118,/media/jisha/D/trash_dataset/Brookhaven MRF 20250604/Camera1/GX010024.MP4,,/media/jisha/E/trash_dataset/camera1_plastics_shareable_dataset/audio_video_clips/GX010024/GX010024__000730.960__000731.460.mp4,created
GX010024,/media/jisha/E/trash_dataset/Brookhaven MRF 20250604 Preproc/Camera 1/GX010024/data/meta2.csv,799.92,801.96,2.0400000000000773,Under posit one down to positive.,,Non-Deposit,Plastics,17,14,001142,001157,001142 | 001144 | 001145 | 001146 | 001148 | 001149 | 001150 | 001151 | 001152 | 001153 | 001154 | 001155 | 001156 | 001157,/media/jisha/D/trash_dataset/Brookhaven MRF 20250604/Camera1/GX010024.MP4,,/media/jisha/E/trash_dataset/camera1_plastics_shareable_dataset/audio_video_clips/GX010024/GX010024__000799.920__000801.960.mp4,created
GX010024,/media/jisha/E/trash_dataset/Brookhaven MRF 20250604 Preproc/Camera 1/GX010024/data/meta2.csv,806.58,808.78,2.199999999999932,deposit one,,Deposit #1 Bottles,Plastics,7,7,001173,001184,001173 | 001174 | 001175 | 001179 | 001180 | 001181 | 001184,/media/jisha/D/trash_dataset/Brookhaven MRF 20250604/Camera1/GX010024.MP4,,/media/jisha/E/trash_dataset/camera1_plastics_shareable_dataset/audio_video_clips/GX010024/GX010024__000806.580__000808.780.mp4,created
GX010024,/media/jisha/E/trash_dataset/Brookhaven MRF 20250604 Preproc/Camera 1/GX010024/data/meta2.csv,895.22,896.28,1.0599999999999454,black plastic,,Black Plastic Containers,Plastics,2,2,001224,001225,001224 | 001225,/media/jisha/D/trash_dataset/Brookhaven MRF 20250604/Camera1/GX010024.MP4,,/media/jisha/E/trash_dataset/camera1_plastics_shareable_dataset/audio_video_clips/GX010024/GX010024__000895.220__000896.280.mp4,created
GX010024,/media/jisha/E/trash_dataset/Brookhaven MRF 20250604 Preproc/Camera 1/GX010024/data/meta2.csv,900.38,900.98,0.6000000000000227,clamshell,,Containers #1/Clamshells,Plastics,2,2,001230,001231,001230 | 001231,/media/jisha/D/trash_dataset/Brookhaven MRF 20250604/Camera1/GX010024.MP4,,/media/jisha/E/trash_dataset/camera1_plastics_shareable_dataset/audio_video_clips/GX010024/GX010024__000900.380__000900.980.mp4,created
GX010024,/media/jisha/E/trash_dataset/Brookhaven MRF 20250604 Preproc/Camera 1/GX010024/data/meta2.csv,905.32,905.84,0.5199999999999818,five,,Containers #5/PP,Plastics,2,2,001233,001234,001233 | 001234,/media/jisha/D/trash_dataset/Brookhaven MRF 20250604/Camera1/GX010024.MP4,,/media/jisha/E/trash_dataset/camera1_plastics_shareable_dataset/audio_video_clips/GX010024/GX010024__000905.320__000905.840.mp4,created
GX010024,/media/jisha/E/trash_dataset/Brookhaven MRF 20250604 Preproc/Camera 1/GX010024/data/meta2.csv,906.82,907.84,1.0199999999999818,deposit one,,Deposit #1 Bottles,Plastics,3,3,001237,001240,001237 | 001238 | 001240,/media/jisha/D/trash_dataset/Brookhaven MRF 20250604/Camera1/GX010024.MP4,,/media/jisha/E/trash_dataset/camera1_plastics_shareable_dataset/audio_video_clips/GX010024/GX010024__000906.820__000907.840.mp4,created
GX010024,/media/jisha/E/trash_dataset/Brookhaven MRF 20250604 Preproc/Camera 1/GX010024/data/meta2.csv,907.84,909.68,1.8399999999999181,non -deposit one,,Other #1 Bottles,Plastics,4,4,001250,001254,001250 | 001251 | 001253 | 001254,/media/jisha/D/trash_dataset/Brookhaven MRF 20250604/Camera1/GX010024.MP4,,/media/jisha/E/trash_dataset/camera1_plastics_shareable_dataset/audio_video_clips/GX010024/GX010024__000907.840__000909.680.mp4,created
GX010024,/media/jisha/E/trash_dataset/Brookhaven MRF 20250604 Preproc/Camera 1/GX010024/data/meta2.csv,922.36,923.06,0.6999999999999318,clamshell,,Containers #1/Clamshells,Plastics,5,4,001271,001275,001271 | 001273 | 001274 | 001275,/media/jisha/D/trash_dataset/Brookhaven MRF 20250604/Camera1/GX010024.MP4,,/media/jisha/E/trash_dataset/camera1_plastics_shareable_dataset/audio_video_clips/GX010024/GX010024__000922.360__000923.060.mp4,created
GX010024,/media/jisha/E/trash_dataset/Brookhaven MRF 20250604 Preproc/Camera 1/GX010024/data/meta2.csv,933.92,936.28,2.3600000000000136,un -deposit,,Non-Deposit,Plastics,1,1,001313,001313,001313,/media/jisha/D/trash_dataset/Brookhaven MRF 20250604/Camera1/GX010024.MP4,,/media/jisha/E/trash_dataset/camera1_plastics_shareable_dataset/audio_video_clips/GX010024/GX010024__000933.920__000936.280.mp4,created
GX010024,/media/jisha/E/trash_dataset/Brookhaven MRF 20250604 Preproc/Camera 1/GX010024/data/meta2.csv,946.42,948.36,1.9400000000000546,deposit number one,,Deposit #1 Bottles,Plastics,10,8,001322,001329,001322 | 001323 | 001324 | 001325 | 001326 | 001327 | 001328 | 001329,/media/jisha/D/trash_dataset/Brookhaven MRF 20250604/Camera1/GX010024.MP4,,/media/jisha/E/trash_dataset/camera1_plastics_shareable_dataset/audio_video_clips/GX010024/GX010024__000946.420__000948.360.mp4,created
GX010024,/media/jisha/E/trash_dataset/Brookhaven MRF 20250604 Preproc/Camera 1/GX010024/data/meta2.csv,950.44,951.12,0.67999999999995,plastic,,Plastic,Plastics,2,2,001356,001357,001356 | 001357,/media/jisha/D/trash_dataset/Brookhaven MRF 20250604/Camera1/GX010024.MP4,,/media/jisha/E/trash_dataset/camera1_plastics_shareable_dataset/audio_video_clips/GX010024/GX010024__000950.440__000951.120.mp4,created
GX010025,/media/jisha/E/trash_dataset/Brookhaven MRF 20250604 Preproc/Camera 1/GX010025/data/meta2.csv,517.48,518.4,0.9199999999999591,Fly plastic.,,Black Plastic Containers,Plastics,7,6,000012,000018,000012 | 000014 | 000015 | 000016 | 000017 | 000018,/media/jisha/D/trash_dataset/Brookhaven MRF 20250604/Camera1/GX010025.MP4,,/media/jisha/E/trash_dataset/camera1_plastics_shareable_dataset/audio_video_clips/GX010025/GX010025__000517.480__000518.400.mp4,created
GX010025,/media/jisha/E/trash_dataset/Brookhaven MRF 20250604 Preproc/Camera 1/GX010025/data/meta2.csv,554.42,554.98,0.5600000000000591,Deposit.,,Deposit #1 Bottles,Plastics,1,1,000022,000022,000022,/media/jisha/D/trash_dataset/Brookhaven MRF 20250604/Camera1/GX010025.MP4,,/media/jisha/E/trash_dataset/camera1_plastics_shareable_dataset/audio_video_clips/GX010025/GX010025__000554.420__000554.980.mp4,created
GX010025,/media/jisha/E/trash_dataset/Brookhaven MRF 20250604 Preproc/Camera 1/GX010025/data/meta2.csv,617.0,617.68,0.67999999999995,Five.,,Containers #5/PP,Plastics,1,1,000050,000050,000050,/media/jisha/D/trash_dataset/Brookhaven MRF 20250604/Camera1/GX010025.MP4,,/media/jisha/E/trash_dataset/camera1_plastics_shareable_dataset/audio_video_clips/GX010025/GX010025__000617.000__000617.680.mp4,created
GX010025,/media/jisha/E/trash_dataset/Brookhaven MRF 20250604 Preproc/Camera 1/GX010025/data/meta2.csv,624.0,624.58,0.5800000000000409,Clamshell.,,Containers #1/Clamshells,Plastics,5,3,000052,000054,000052 | 000053 | 000054,/media/jisha/D/trash_dataset/Brookhaven MRF 20250604/Camera1/GX010025.MP4,,/media/jisha/E/trash_dataset/camera1_plastics_shareable_dataset/audio_video_clips/GX010025/GX010025__000624.000__000624.580.mp4,created
GX010025,/media/jisha/E/trash_dataset/Brookhaven MRF 20250604 Preproc/Camera 1/GX010025/data/meta2.csv,630.14,630.72,0.5800000000000409,Clamshell.,,Containers #1/Clamshells,Plastics,1,1,000061,000061,000061,/media/jisha/D/trash_dataset/Brookhaven MRF 20250604/Camera1/GX010025.MP4,,/media/jisha/E/trash_dataset/camera1_plastics_shareable_dataset/audio_video_clips/GX010025/GX010025__000630.140__000630.720.mp4,created
GX010025,/media/jisha/E/trash_dataset/Brookhaven MRF 20250604 Preproc/Camera 1/GX010025/data/meta2.csv,630.94,633.32,2.3799999999999955,"It looks like all two natural,",,Containers #2 Natural,Plastics,5,5,000077,000083,000077 | 000078 | 000079 | 000082 | 000083,/media/jisha/D/trash_dataset/Brookhaven MRF 20250604/Camera1/GX010025.MP4,,/media/jisha/E/trash_dataset/camera1_plastics_shareable_dataset/audio_video_clips/GX010025/GX010025__000630.940__000633.320.mp4,created
GX010025,/media/jisha/E/trash_dataset/Brookhaven MRF 20250604 Preproc/Camera 1/GX010025/data/meta2.csv,633.62,634.2,0.5800000000000409,or two colors.,,Containers #2 Colored,Plastics,3,2,000085,000086,000085 | 000086,/media/jisha/D/trash_dataset/Brookhaven MRF 20250604/Camera1/GX010025.MP4,,/media/jisha/E/trash_dataset/camera1_plastics_shareable_dataset/audio_video_clips/GX010025/GX010025__000633.620__000634.200.mp4,created
GX010025,/media/jisha/E/trash_dataset/Brookhaven MRF 20250604 Preproc/Camera 1/GX010025/data/meta2.csv,635.96,636.24,0.2799999999999727,it's five.,,Containers #5/PP,Plastics,1,1,000090,000090,000090,/media/jisha/D/trash_dataset/Brookhaven MRF 20250604/Camera1/GX010025.MP4,,/media/jisha/E/trash_dataset/camera1_plastics_shareable_dataset/audio_video_clips/GX010025/GX010025__000635.960__000636.240.mp4,created
GX010025,/media/jisha/E/trash_dataset/Brookhaven MRF 20250604 Preproc/Camera 1/GX010025/data/meta2.csv,648.42,649.62,1.2000000000000455,One non -deposit.,,Other #1 Bottles,Plastics,6,5,000093,000097,000093 | 000094 | 000095 | 000096 | 000097,/media/jisha/D/trash_dataset/Brookhaven MRF 20250604/Camera1/GX010025.MP4,,/media/jisha/E/trash_dataset/camera1_plastics_shareable_dataset/audio_video_clips/GX010025/GX010025__000648.420__000649.620.mp4,created
GX010025,/media/jisha/E/trash_dataset/Brookhaven MRF 20250604 Preproc/Camera 1/GX010025/data/meta2.csv,661.42,662.12,0.7000000000000455,Deposit one.,,Deposit #1 Bottles,Plastics,1,1,000108,000108,000108,/media/jisha/D/trash_dataset/Brookhaven MRF 20250604/Camera1/GX010025.MP4,,/media/jisha/E/trash_dataset/camera1_plastics_shareable_dataset/audio_video_clips/GX010025/GX010025__000661.420__000662.120.mp4,created
GX010025,/media/jisha/E/trash_dataset/Brookhaven MRF 20250604 Preproc/Camera 1/GX010025/data/meta2.csv,662.2,662.88,0.67999999999995,Deposit one.,,Deposit #1 Bottles,Plastics,2,2,000110,000111,000110 | 000111,/media/jisha/D/trash_dataset/Brookhaven MRF 20250604/Camera1/GX010025.MP4,,/media/jisha/E/trash_dataset/camera1_plastics_shareable_dataset/audio_video_clips/GX010025/GX010025__000662.200__000662.880.mp4,created
GX010025,/media/jisha/E/trash_dataset/Brookhaven MRF 20250604 Preproc/Camera 1/GX010025/data/meta2.csv,689.44,689.76,0.31999999999993634,One deposit.,,Deposit #1 Bottles,Plastics,2,2,000147,000148,000147 | 000148,/media/jisha/D/trash_dataset/Brookhaven MRF 20250604/Camera1/GX010025.MP4,,/media/jisha/E/trash_dataset/camera1_plastics_shareable_dataset/audio_video_clips/GX010025/GX010025__000689.440__000689.760.mp4,created
GX010025,/media/jisha/E/trash_dataset/Brookhaven MRF 20250604 Preproc/Camera 1/GX010025/data/meta2.csv,690.66,691.28,0.6200000000000045,One deposit.,,Deposit #1 Bottles,Plastics,1,1,000151,000151,000151,/media/jisha/D/trash_dataset/Brookhaven MRF 20250604/Camera1/GX010025.MP4,,/media/jisha/E/trash_dataset/camera1_plastics_shareable_dataset/audio_video_clips/GX010025/GX010025__000690.660__000691.280.mp4,created
GX010025,/media/jisha/E/trash_dataset/Brookhaven MRF 20250604 Preproc/Camera 1/GX010025/data/meta2.csv,694.26,695.48,1.2200000000000273,One non -deposit.,,Deposit #1 Bottles,Plastics,1,1,000162,000162,000162,/media/jisha/D/trash_dataset/Brookhaven MRF 20250604/Camera1/GX010025.MP4,,/media/jisha/E/trash_dataset/camera1_plastics_shareable_dataset/audio_video_clips/GX010025/GX010025__000694.260__000695.480.mp4,created
GX010025,/media/jisha/E/trash_dataset/Brookhaven MRF 20250604 Preproc/Camera 1/GX010025/data/meta2.csv,696.06,696.46,0.40000000000009095,Five.,,Containers #5/PP,Plastics,1,1,000165,000165,000165,/media/jisha/D/trash_dataset/Brookhaven MRF 20250604/Camera1/GX010025.MP4,,/media/jisha/E/trash_dataset/camera1_plastics_shareable_dataset/audio_video_clips/GX010025/GX010025__000696.060__000696.460.mp4,created
GX010025,/media/jisha/E/trash_dataset/Brookhaven MRF 20250604 Preproc/Camera 1/GX010025/data/meta2.csv,710.08,710.86,0.7799999999999727,Two color.,,Containers #2 Colored,Plastics,3,3,000187,000189,000187 | 000188 | 000189,/media/jisha/D/trash_dataset/Brookhaven MRF 20250604/Camera1/GX010025.MP4,,/media/jisha/E/trash_dataset/camera1_plastics_shareable_dataset/audio_video_clips/GX010025/GX010025__000710.080__000710.860.mp4,created
GX010025,/media/jisha/E/trash_dataset/Brookhaven MRF 20250604 Preproc/Camera 1/GX010025/data/meta2.csv,720.18,723.62,3.4400000000000546,unnumbered black plastic,,Black Plastic Containers | Other Unnumbered Containers & Fragments,Plastics,10,10,000192,000218,000192 | 000193 | 000194 | 000195 | 000213 | 000214 | 000215 | 000216 | 000217 | 000218,/media/jisha/D/trash_dataset/Brookhaven MRF 20250604/Camera1/GX010025.MP4,,/media/jisha/E/trash_dataset/camera1_plastics_shareable_dataset/audio_video_clips/GX010025/GX010025__000720.180__000723.620.mp4,created
GX010025,/media/jisha/E/trash_dataset/Brookhaven MRF 20250604 Preproc/Camera 1/GX010025/data/meta2.csv,723.62,727.98,4.360000000000014,one deposit,,Deposit #1 Bottles,Plastics,10,6,000238,000253,000238 | 000240 | 000246 | 000247 | 000248 | 000253,/media/jisha/D/trash_dataset/Brookhaven MRF 20250604/Camera1/GX010025.MP4,,/media/jisha/E/trash_dataset/camera1_plastics_shareable_dataset/audio_video_clips/GX010025/GX010025__000723.620__000727.980.mp4,created
GX010025,/media/jisha/E/trash_dataset/Brookhaven MRF 20250604 Preproc/Camera 1/GX010025/data/meta2.csv,729.84,736.34,6.5,two color black plastic two are one deposit,,Containers #2 Colored | Deposit #1 Bottles,Plastics,2,2,000261,000262,000261 | 000262,/media/jisha/D/trash_dataset/Brookhaven MRF 20250604/Camera1/GX010025.MP4,,/media/jisha/E/trash_dataset/camera1_plastics_shareable_dataset/audio_video_clips/GX010025/GX010025__000729.840__000736.340.mp4,created
GX010025,/media/jisha/E/trash_dataset/Brookhaven MRF 20250604 Preproc/Camera 1/GX010025/data/meta2.csv,736.34,739.76,3.419999999999959,one non -deposit,,Other #1 Bottles,Plastics,8,7,000309,000316,000309 | 000310 | 000311 | 000312 | 000313 | 000315 | 000316,/media/jisha/D/trash_dataset/Brookhaven MRF 20250604/Camera1/GX010025.MP4,,/media/jisha/E/trash_dataset/camera1_plastics_shareable_dataset/audio_video_clips/GX010025/GX010025__000736.340__000739.760.mp4,created
GX010025,/media/jisha/E/trash_dataset/Brookhaven MRF 20250604 Preproc/Camera 1/GX010025/data/meta2.csv,742.86,745.66,2.7999999999999545,black plastic,,Black Plastic Containers,Plastics,2,2,000335,000339,000335 | 000339,/media/jisha/D/trash_dataset/Brookhaven MRF 20250604/Camera1/GX010025.MP4,,/media/jisha/E/trash_dataset/camera1_plastics_shareable_dataset/audio_video_clips/GX010025/GX010025__000742.860__000745.660.mp4,created
GX010025,/media/jisha/E/trash_dataset/Brookhaven MRF 20250604 Preproc/Camera 1/GX010025/data/meta2.csv,745.66,753.54,7.8799999999999955,two color non -deposit one non -deposit one,,Containers #2 Colored | Other #1 Bottles,Plastics,12,8,000374,000411,000374 | 000375 | 000376 | 000377 | 000392 | 000409 | 000410 | 000411,/media/jisha/D/trash_dataset/Brookhaven MRF 20250604/Camera1/GX010025.MP4,,/media/jisha/E/trash_dataset/camera1_plastics_shareable_dataset/audio_video_clips/GX010025/GX010025__000745.660__000753.540.mp4,created
GX010025,/media/jisha/E/trash_dataset/Brookhaven MRF 20250604 Preproc/Camera 1/GX010025/data/meta2.csv,757.2,758.6,1.3999999999999773,unnumbered,,Other Unnumbered Containers & Fragments,Plastics,4,3,000425,000429,000425 | 000428 | 000429,/media/jisha/D/trash_dataset/Brookhaven MRF 20250604/Camera1/GX010025.MP4,,/media/jisha/E/trash_dataset/camera1_plastics_shareable_dataset/audio_video_clips/GX010025/GX010025__000757.200__000758.600.mp4,created
GX010025,/media/jisha/E/trash_dataset/Brookhaven MRF 20250604 Preproc/Camera 1/GX010025/data/meta2.csv,767.46,769.52,2.0599999999999454,deposit number one,,Deposit #1 Bottles,Plastics,1,1,000445,000445,000445,/media/jisha/D/trash_dataset/Brookhaven MRF 20250604/Camera1/GX010025.MP4,,/media/jisha/E/trash_dataset/camera1_plastics_shareable_dataset/audio_video_clips/GX010025/GX010025__000767.460__000769.520.mp4,created
GX010025,/media/jisha/E/trash_dataset/Brookhaven MRF 20250604 Preproc/Camera 1/GX010025/data/meta2.csv,769.74,771.96,2.2200000000000273,non -deposit one,,Other #1 Bottles,Plastics,1,1,000471,000471,000471,/media/jisha/D/trash_dataset/Brookhaven MRF 20250604/Camera1/GX010025.MP4,,/media/jisha/E/trash_dataset/camera1_plastics_shareable_dataset/audio_video_clips/GX010025/GX010025__000769.740__000771.960.mp4,created
GX010025,/media/jisha/E/trash_dataset/Brookhaven MRF 20250604 Preproc/Camera 1/GX010025/data/meta2.csv,779.74,781.38,1.6399999999999864,black plastic,,Black Plastic Containers,Plastics,2,2,000503,000506,000503 | 000506,/media/jisha/D/trash_dataset/Brookhaven MRF 20250604/Camera1/GX010025.MP4,,/media/jisha/E/trash_dataset/camera1_plastics_shareable_dataset/audio_video_clips/GX010025/GX010025__000779.740__000781.380.mp4,created
GX010025,/media/jisha/E/trash_dataset/Brookhaven MRF 20250604 Preproc/Camera 1/GX010025/data/meta2.csv,781.38,783.4,2.019999999999982,number five,,Containers #5/PP,Plastics,3,3,000511,000516,000511 | 000515 | 000516,/media/jisha/D/trash_dataset/Brookhaven MRF 20250604/Camera1/GX010025.MP4,,/media/jisha/E/trash_dataset/camera1_plastics_shareable_dataset/audio_video_clips/GX010025/GX010025__000781.380__000783.400.mp4,created
GX010025,/media/jisha/E/trash_dataset/Brookhaven MRF 20250604 Preproc/Camera 1/GX010025/data/meta2.csv,788.34,789.74,1.3999999999999773,unnumbered,,Other Unnumbered Containers & Fragments,Plastics,6,6,000524,000530,000524 | 000525 | 000526 | 000527 | 000528 | 000530,/media/jisha/D/trash_dataset/Brookhaven MRF 20250604/Camera1/GX010025.MP4,,/media/jisha/E/trash_dataset/camera1_plastics_shareable_dataset/audio_video_clips/GX010025/GX010025__000788.340__000789.740.mp4,created
GX010025,/media/jisha/E/trash_dataset/Brookhaven MRF 20250604 Preproc/Camera 1/GX010025/data/meta2.csv,789.74,792.0,2.259999999999991,black plastic,,Black Plastic Containers,Plastics,2,2,000547,000549,000547 | 000549,/media/jisha/D/trash_dataset/Brookhaven MRF 20250604/Camera1/GX010025.MP4,,/media/jisha/E/trash_dataset/camera1_plastics_shareable_dataset/audio_video_clips/GX010025/GX010025__000789.740__000792.000.mp4,created
GX010025,/media/jisha/E/trash_dataset/Brookhaven MRF 20250604 Preproc/Camera 1/GX010025/data/meta2.csv,792.0,794.28,2.2799999999999727,black plastic,,Black Plastic Containers,Plastics,1,1,000557,000557,000557,/media/jisha/D/trash_dataset/Brookhaven MRF 20250604/Camera1/GX010025.MP4,,/media/jisha/E/trash_dataset/camera1_plastics_shareable_dataset/audio_video_clips/GX010025/GX010025__000792.000__000794.280.mp4,created
GX010025,/media/jisha/E/trash_dataset/Brookhaven MRF 20250604 Preproc/Camera 1/GX010025/data/meta2.csv,794.28,796.06,1.7799999999999727,black plastic,,Black Plastic Containers,Plastics,1,1,000584,000584,000584,/media/jisha/D/trash_dataset/Brookhaven MRF 20250604/Camera1/GX010025.MP4,,/media/jisha/E/trash_dataset/camera1_plastics_shareable_dataset/audio_video_clips/GX010025/GX010025__000794.280__000796.060.mp4,created
GX010025,/media/jisha/E/trash_dataset/Brookhaven MRF 20250604 Preproc/Camera 1/GX010025/data/meta2.csv,800.44,807.56,7.119999999999891,clamp shell,,Containers #1/Clamshells,Plastics,32,27,000587,000639,000587 | 000589 | 000590 | 000591 | 000592 | 000593 | 000596 | 000597 | 000606 | 000612 | 000613 | 000616 | 000617 | 000620 | 000621 | 000624 | 000627 | 000628 | 000629 | 000630 | 000631 | 000632 | 000633 | 000634 | 000635 | 000637 | 000639,/media/jisha/D/trash_dataset/Brookhaven MRF 20250604/Camera1/GX010025.MP4,,/media/jisha/E/trash_dataset/camera1_plastics_shareable_dataset/audio_video_clips/GX010025/GX010025__000800.440__000807.560.mp4,created
GX010025,/media/jisha/E/trash_dataset/Brookhaven MRF 20250604 Preproc/Camera 1/GX010025/data/meta2.csv,807.56,810.58,3.0200000000000955,black plastic two are one,,Black Plastic Containers,Plastics,4,4,000652,000657,000652 | 000655 | 000656 | 000657,/media/jisha/D/trash_dataset/Brookhaven MRF 20250604/Camera1/GX010025.MP4,,/media/jisha/E/trash_dataset/camera1_plastics_shareable_dataset/audio_video_clips/GX010025/GX010025__000807.560__000810.580.mp4,created
GX010025,/media/jisha/E/trash_dataset/Brookhaven MRF 20250604 Preproc/Camera 1/GX010025/data/meta2.csv,810.58,815.58,5.0,two naps,,Containers #2 Natural,Plastics,11,9,000693,000706,000693 | 000695 | 000697 | 000698 | 000701 | 000703 | 000704 | 000705 | 000706,/media/jisha/D/trash_dataset/Brookhaven MRF 20250604/Camera1/GX010025.MP4,,/media/jisha/E/trash_dataset/camera1_plastics_shareable_dataset/audio_video_clips/GX010025/GX010025__000810.580__000815.580.mp4,created
GX010025,/media/jisha/E/trash_dataset/Brookhaven MRF 20250604 Preproc/Camera 1/GX010025/data/meta2.csv,833.74,835.34,1.6000000000000227,"Number six,",,Containers #3-7 (Not #5),Plastics,1,1,000744,000744,000744,/media/jisha/D/trash_dataset/Brookhaven MRF 20250604/Camera1/GX010025.MP4,,/media/jisha/E/trash_dataset/camera1_plastics_shareable_dataset/audio_video_clips/GX010025/GX010025__000833.740__000835.340.mp4,created
GX010025,/media/jisha/E/trash_dataset/Brookhaven MRF 20250604 Preproc/Camera 1/GX010025/data/meta2.csv,837.64,839.42,1.7799999999999727,Other plastic.,,Other Plastics,Plastics,1,1,000764,000764,000764,/media/jisha/D/trash_dataset/Brookhaven MRF 20250604/Camera1/GX010025.MP4,,/media/jisha/E/trash_dataset/camera1_plastics_shareable_dataset/audio_video_clips/GX010025/GX010025__000837.640__000839.420.mp4,created
GX010025,/media/jisha/E/trash_dataset/Brookhaven MRF 20250604 Preproc/Camera 1/GX010025/data/meta2.csv,855.0,856.84,1.8400000000000318,Other plastic.,,Other Plastics,Plastics,5,5,000792,000803,000792 | 000793 | 000801 | 000802 | 000803,/media/jisha/D/trash_dataset/Brookhaven MRF 20250604/Camera1/GX010025.MP4,,/media/jisha/E/trash_dataset/camera1_plastics_shareable_dataset/audio_video_clips/GX010025/GX010025__000855.000__000856.840.mp4,created
GX010025,/media/jisha/E/trash_dataset/Brookhaven MRF 20250604 Preproc/Camera 1/GX010025/data/meta2.csv,869.22,870.14,0.9199999999999591,Other one.,,Containers #1/Clamshells,Plastics,9,6,000830,000836,000830 | 000831 | 000832 | 000833 | 000834 | 000836,/media/jisha/D/trash_dataset/Brookhaven MRF 20250604/Camera1/GX010025.MP4,,/media/jisha/E/trash_dataset/camera1_plastics_shareable_dataset/audio_video_clips/GX010025/GX010025__000869.220__000870.140.mp4,created
GX010025,/media/jisha/E/trash_dataset/Brookhaven MRF 20250604 Preproc/Camera 1/GX010025/data/meta2.csv,870.14,871.26,1.1200000000000045,"Number one clamshell,",,Containers #1/Clamshells,Plastics,1,1,000845,000845,000845,/media/jisha/D/trash_dataset/Brookhaven MRF 20250604/Camera1/GX010025.MP4,,/media/jisha/E/trash_dataset/camera1_plastics_shareable_dataset/audio_video_clips/GX010025/GX010025__000870.140__000871.260.mp4,created
GX010025,/media/jisha/E/trash_dataset/Brookhaven MRF 20250604 Preproc/Camera 1/GX010025/data/meta2.csv,873.34,877.74,4.399999999999977,Other one.,,Containers #1/Clamshells,Plastics,6,5,000871,000882,000871 | 000879 | 000880 | 000881 | 000882,/media/jisha/D/trash_dataset/Brookhaven MRF 20250604/Camera1/GX010025.MP4,,/media/jisha/E/trash_dataset/camera1_plastics_shareable_dataset/audio_video_clips/GX010025/GX010025__000873.340__000877.740.mp4,created
GX010025,/media/jisha/E/trash_dataset/Brookhaven MRF 20250604 Preproc/Camera 1/GX010025/data/meta2.csv,879.0,880.26,1.259999999999991,Dissolt.,,Deposit #1 Bottles,Plastics,2,2,000899,000902,000899 | 000902,/media/jisha/D/trash_dataset/Brookhaven MRF 20250604/Camera1/GX010025.MP4,,/media/jisha/E/trash_dataset/camera1_plastics_shareable_dataset/audio_video_clips/GX010025/GX010025__000879.000__000880.260.mp4,created
GX010025,/media/jisha/E/trash_dataset/Brookhaven MRF 20250604 Preproc/Camera 1/GX010025/data/meta2.csv,881.24,882.64,1.3999999999999773,Clam,,Containers #1/Clamshells,Plastics,1,1,000919,000919,000919,/media/jisha/D/trash_dataset/Brookhaven MRF 20250604/Camera1/GX010025.MP4,,/media/jisha/E/trash_dataset/camera1_plastics_shareable_dataset/audio_video_clips/GX010025/GX010025__000881.240__000882.640.mp4,created
GX010025,/media/jisha/E/trash_dataset/Brookhaven MRF 20250604 Preproc/Camera 1/GX010025/data/meta2.csv,905.46,906.18,0.7199999999999136,"Non -deposit,",,Non-Deposit,Plastics,2,2,000939,000940,000939 | 000940,/media/jisha/D/trash_dataset/Brookhaven MRF 20250604/Camera1/GX010025.MP4,,/media/jisha/E/trash_dataset/camera1_plastics_shareable_dataset/audio_video_clips/GX010025/GX010025__000905.460__000906.180.mp4,created
GX010025,/media/jisha/E/trash_dataset/Brookhaven MRF 20250604 Preproc/Camera 1/GX010025/data/meta2.csv,906.24,906.86,0.6200000000000045,non -deposit.,,Non-Deposit,Plastics,3,3,000943,000946,000943 | 000945 | 000946,/media/jisha/D/trash_dataset/Brookhaven MRF 20250604/Camera1/GX010025.MP4,,/media/jisha/E/trash_dataset/camera1_plastics_shareable_dataset/audio_video_clips/GX010025/GX010025__000906.240__000906.860.mp4,created
GX010025,/media/jisha/E/trash_dataset/Brookhaven MRF 20250604 Preproc/Camera 1/GX010025/data/meta2.csv,920.14,921.0,0.8600000000000136,Clamshell.,,Containers #1/Clamshells,Plastics,5,5,000993,000998,000993 | 000994 | 000996 | 000997 | 000998,/media/jisha/D/trash_dataset/Brookhaven MRF 20250604/Camera1/GX010025.MP4,,/media/jisha/E/trash_dataset/camera1_plastics_shareable_dataset/audio_video_clips/GX010025/GX010025__000920.140__000921.000.mp4,created
GX010025,/media/jisha/E/trash_dataset/Brookhaven MRF 20250604 Preproc/Camera 1/GX010025/data/meta2.csv,938.36,939.68,1.3199999999999363,Two natural.,,Containers #2 Natural,Plastics,3,3,001045,001047,001045 | 001046 | 001047,/media/jisha/D/trash_dataset/Brookhaven MRF 20250604/Camera1/GX010025.MP4,,/media/jisha/E/trash_dataset/camera1_plastics_shareable_dataset/audio_video_clips/GX010025/GX010025__000938.360__000939.680.mp4,created
GX010025,/media/jisha/E/trash_dataset/Brookhaven MRF 20250604 Preproc/Camera 1/GX010025/data/meta2.csv,942.06,942.82,0.7600000000001046,Two natural.,,Containers #2 Natural,Plastics,1,1,001059,001059,001059,/media/jisha/D/trash_dataset/Brookhaven MRF 20250604/Camera1/GX010025.MP4,,/media/jisha/E/trash_dataset/camera1_plastics_shareable_dataset/audio_video_clips/GX010025/GX010025__000942.060__000942.820.mp4,created
GX010025,/media/jisha/E/trash_dataset/Brookhaven MRF 20250604 Preproc/Camera 1/GX010025/data/meta2.csv,951.32,952.18,0.8599999999999,Five.,,Containers #5/PP,Plastics,2,2,001069,001070,001069 | 001070,/media/jisha/D/trash_dataset/Brookhaven MRF 20250604/Camera1/GX010025.MP4,,/media/jisha/E/trash_dataset/camera1_plastics_shareable_dataset/audio_video_clips/GX010025/GX010025__000951.320__000952.180.mp4,created
GX010025,/media/jisha/E/trash_dataset/Brookhaven MRF 20250604 Preproc/Camera 1/GX010025/data/meta2.csv,952.22,952.86,0.6399999999999864,Clamshell.,,Containers #1/Clamshells,Plastics,2,2,001073,001074,001073 | 001074,/media/jisha/D/trash_dataset/Brookhaven MRF 20250604/Camera1/GX010025.MP4,,/media/jisha/E/trash_dataset/camera1_plastics_shareable_dataset/audio_video_clips/GX010025/GX010025__000952.220__000952.860.mp4,created
GX010025,/media/jisha/E/trash_dataset/Brookhaven MRF 20250604 Preproc/Camera 1/GX010025/data/meta2.csv,956.16,957.38,1.2200000000000273,"Non -deposit,",,Deposit #1 Bottles,Plastics,8,6,001079,001084,001079 | 001080 | 001081 | 001082 | 001083 | 001084,/media/jisha/D/trash_dataset/Brookhaven MRF 20250604/Camera1/GX010025.MP4,,/media/jisha/E/trash_dataset/camera1_plastics_shareable_dataset/audio_video_clips/GX010025/GX010025__000956.160__000957.380.mp4,created
GX010025,/media/jisha/E/trash_dataset/Brookhaven MRF 20250604 Preproc/Camera 1/GX010025/data/meta2.csv,958.34,959.1,0.7599999999999909,"Non -deposit,",,Other #1 Bottles,Plastics,1,1,001097,001097,001097,/media/jisha/D/trash_dataset/Brookhaven MRF 20250604/Camera1/GX010025.MP4,,/media/jisha/E/trash_dataset/camera1_plastics_shareable_dataset/audio_video_clips/GX010025/GX010025__000958.340__000959.100.mp4,created
GX010025,/media/jisha/E/trash_dataset/Brookhaven MRF 20250604 Preproc/Camera 1/GX010025/data/meta2.csv,959.74,960.6,0.8600000000000136,"Non -deposit,",,Other #1 Bottles,Plastics,2,2,001109,001110,001109 | 001110,/media/jisha/D/trash_dataset/Brookhaven MRF 20250604/Camera1/GX010025.MP4,,/media/jisha/E/trash_dataset/camera1_plastics_shareable_dataset/audio_video_clips/GX010025/GX010025__000959.740__000960.600.mp4,created
GX010025,/media/jisha/E/trash_dataset/Brookhaven MRF 20250604 Preproc/Camera 1/GX010025/data/meta2.csv,960.68,961.94,1.2600000000001046,Two natural.,,Containers #2 Natural,Plastics,1,1,001115,001115,001115,/media/jisha/D/trash_dataset/Brookhaven MRF 20250604/Camera1/GX010025.MP4,,/media/jisha/E/trash_dataset/camera1_plastics_shareable_dataset/audio_video_clips/GX010025/GX010025__000960.680__000961.940.mp4,created
GX010025,/media/jisha/E/trash_dataset/Brookhaven MRF 20250604 Preproc/Camera 1/GX010025/data/meta2.csv,963.0,963.68,0.67999999999995,One other plastic.,,Other Plastics,Plastics,6,4,001122,001126,001122 | 001123 | 001124 | 001126,/media/jisha/D/trash_dataset/Brookhaven MRF 20250604/Camera1/GX010025.MP4,,/media/jisha/E/trash_dataset/camera1_plastics_shareable_dataset/audio_video_clips/GX010025/GX010025__000963.000__000963.680.mp4,created
GX010025,/media/jisha/E/trash_dataset/Brookhaven MRF 20250604 Preproc/Camera 1/GX010025/data/meta2.csv,967.76,968.34,0.5800000000000409,Clamshell.,,Containers #1/Clamshells,Plastics,4,3,001129,001131,001129 | 001130 | 001131,/media/jisha/D/trash_dataset/Brookhaven MRF 20250604/Camera1/GX010025.MP4,,/media/jisha/E/trash_dataset/camera1_plastics_shareable_dataset/audio_video_clips/GX010025/GX010025__000967.760__000968.340.mp4,created
GX010025,/media/jisha/E/trash_dataset/Brookhaven MRF 20250604 Preproc/Camera 1/GX010025/data/meta2.csv,968.5,969.3,0.7999999999999545,Clamshell.,,Containers #1/Clamshells,Plastics,3,3,001133,001137,001133 | 001136 | 001137,/media/jisha/D/trash_dataset/Brookhaven MRF 20250604/Camera1/GX010025.MP4,,/media/jisha/E/trash_dataset/camera1_plastics_shareable_dataset/audio_video_clips/GX010025/GX010025__000968.500__000969.300.mp4,created
GX010025,/media/jisha/E/trash_dataset/Brookhaven MRF 20250604 Preproc/Camera 1/GX010025/data/meta2.csv,970.42,971.68,1.259999999999991,Two natural.,,Containers #2 Natural,Plastics,7,7,001139,001147,001139 | 001141 | 001142 | 001143 | 001144 | 001145 | 001147,/media/jisha/D/trash_dataset/Brookhaven MRF 20250604/Camera1/GX010025.MP4,,/media/jisha/E/trash_dataset/camera1_plastics_shareable_dataset/audio_video_clips/GX010025/GX010025__000970.420__000971.680.mp4,created
GX010025,/media/jisha/E/trash_dataset/Brookhaven MRF 20250604 Preproc/Camera 1/GX010025/data/meta2.csv,972.28,972.88,0.6000000000000227,Clamshell.,,Containers #1/Clamshells,Plastics,3,3,001149,001152,001149 | 001151 | 001152,/media/jisha/D/trash_dataset/Brookhaven MRF 20250604/Camera1/GX010025.MP4,,/media/jisha/E/trash_dataset/camera1_plastics_shareable_dataset/audio_video_clips/GX010025/GX010025__000972.280__000972.880.mp4,created
GX010025,/media/jisha/E/trash_dataset/Brookhaven MRF 20250604 Preproc/Camera 1/GX010025/data/meta2.csv,1001.68,1004.68,3.0,Non -deposit.,,Non-Deposit,Plastics,3,3,001190,001193,001190 | 001191 | 001193,/media/jisha/D/trash_dataset/Brookhaven MRF 20250604/Camera1/GX010025.MP4,,/media/jisha/E/trash_dataset/camera1_plastics_shareable_dataset/audio_video_clips/GX010025/GX010025__001001.680__001004.680.mp4,created
GX010025,/media/jisha/E/trash_dataset/Brookhaven MRF 20250604 Preproc/Camera 1/GX010025/data/meta2.csv,1006.5,1007.86,1.3600000000000136,Two colors.,,Containers #2 Colored,Plastics,2,2,001197,001202,001197 | 001202,/media/jisha/D/trash_dataset/Brookhaven MRF 20250604/Camera1/GX010025.MP4,,/media/jisha/E/trash_dataset/camera1_plastics_shareable_dataset/audio_video_clips/GX010025/GX010025__001006.500__001007.860.mp4,created
GX010025,/media/jisha/E/trash_dataset/Brookhaven MRF 20250604 Preproc/Camera 1/GX010025/data/meta2.csv,1021.92,1022.36,0.44000000000005457,Runstre,,Containers #1/Clamshells,Plastics,2,2,001222,001223,001222 | 001223,/media/jisha/D/trash_dataset/Brookhaven MRF 20250604/Camera1/GX010025.MP4,,/media/jisha/E/trash_dataset/camera1_plastics_shareable_dataset/audio_video_clips/GX010025/GX010025__001021.920__001022.360.mp4,created
GX020023,/media/jisha/E/trash_dataset/Brookhaven MRF 20250604 Preproc/Camera 1/GX020023/data/meta2.csv,0.0,1.32,1.32,"Other plastic,",,Other Plastics,Plastics,13,8,000002,000010,000002 | 000003 | 000004 | 000005 | 000007 | 000008 | 000009 | 000010,/media/jisha/D/trash_dataset/Brookhaven MRF 20250604/Camera1/GX020023.MP4,,/media/jisha/E/trash_dataset/camera1_plastics_shareable_dataset/audio_video_clips/GX020023/GX020023__000000.000__000001.320.mp4,created
GX020023,/media/jisha/E/trash_dataset/Brookhaven MRF 20250604 Preproc/Camera 1/GX020023/data/meta2.csv,1.72,4.96,3.24,"other non -deposit,",,Non-Deposit,Plastics,14,11,000021,000037,000021 | 000023 | 000024 | 000025 | 000026 | 000027 | 000030 | 000032 | 000035 | 000036 | 000037,/media/jisha/D/trash_dataset/Brookhaven MRF 20250604/Camera1/GX020023.MP4,,/media/jisha/E/trash_dataset/camera1_plastics_shareable_dataset/audio_video_clips/GX020023/GX020023__000001.720__000004.960.mp4,created
GX020023,/media/jisha/E/trash_dataset/Brookhaven MRF 20250604 Preproc/Camera 1/GX020023/data/meta2.csv,5.02,7.6,2.58,other recyclable containers.,,Other Unnumbered Containers & Fragments,Plastics,18,15,000039,000057,000039 | 000040 | 000041 | 000042 | 000043 | 000044 | 000046 | 000047 | 000048 | 000049 | 000050 | 000051 | 000054 | 000055 | 000057,/media/jisha/D/trash_dataset/Brookhaven MRF 20250604/Camera1/GX020023.MP4,,/media/jisha/E/trash_dataset/camera1_plastics_shareable_dataset/audio_video_clips/GX020023/GX020023__000005.020__000007.600.mp4,created
GX020023,/media/jisha/E/trash_dataset/Brookhaven MRF 20250604 Preproc/Camera 1/GX020023/data/meta2.csv,7.66,8.42,0.7599999999999998,Unnumbered.,,Other Unnumbered Containers & Fragments,Plastics,4,4,000060,000063,000060 | 000061 | 000062 | 000063,/media/jisha/D/trash_dataset/Brookhaven MRF 20250604/Camera1/GX020023.MP4,,/media/jisha/E/trash_dataset/camera1_plastics_shareable_dataset/audio_video_clips/GX020023/GX020023__000007.660__000008.420.mp4,created
GX020023,/media/jisha/E/trash_dataset/Brookhaven MRF 20250604 Preproc/Camera 1/GX020023/data/meta2.csv,10.12,11.64,1.5200000000000014,Other plastic.,,Other Plastics,Plastics,1,1,000066,000066,000066,/media/jisha/D/trash_dataset/Brookhaven MRF 20250604/Camera1/GX020023.MP4,,/media/jisha/E/trash_dataset/camera1_plastics_shareable_dataset/audio_video_clips/GX020023/GX020023__000010.120__000011.640.mp4,created
GX020023,/media/jisha/E/trash_dataset/Brookhaven MRF 20250604 Preproc/Camera 1/GX020023/data/meta2.csv,37.64,38.12,0.4799999999999969,Unnumbered.,,Other Unnumbered Containers & Fragments,Plastics,3,2,000105,000106,000105 | 000106,/media/jisha/D/trash_dataset/Brookhaven MRF 20250604/Camera1/GX020023.MP4,,/media/jisha/E/trash_dataset/camera1_plastics_shareable_dataset/audio_video_clips/GX020023/GX020023__000037.640__000038.120.mp4,created
GX020023,/media/jisha/E/trash_dataset/Brookhaven MRF 20250604 Preproc/Camera 1/GX020023/data/meta2.csv,47.78,48.56,0.7800000000000011,Too natural.,,Containers #2 Natural,Plastics,2,2,000122,000123,000122 | 000123,/media/jisha/D/trash_dataset/Brookhaven MRF 20250604/Camera1/GX020023.MP4,,/media/jisha/E/trash_dataset/camera1_plastics_shareable_dataset/audio_video_clips/GX020023/GX020023__000047.780__000048.560.mp4,created
GX020023,/media/jisha/E/trash_dataset/Brookhaven MRF 20250604 Preproc/Camera 1/GX020023/data/meta2.csv,57.78,58.26,0.4799999999999969,Five.,,Containers #5/PP,Plastics,4,3,000128,000130,000128 | 000129 | 000130,/media/jisha/D/trash_dataset/Brookhaven MRF 20250604/Camera1/GX020023.MP4,,/media/jisha/E/trash_dataset/camera1_plastics_shareable_dataset/audio_video_clips/GX020023/GX020023__000057.780__000058.260.mp4,created
GX020023,/media/jisha/E/trash_dataset/Brookhaven MRF 20250604 Preproc/Camera 1/GX020023/data/meta2.csv,74.74,75.24,0.5,Five.,,Containers #5/PP,Plastics,2,2,000153,000155,000153 | 000155,/media/jisha/D/trash_dataset/Brookhaven MRF 20250604/Camera1/GX020023.MP4,,/media/jisha/E/trash_dataset/camera1_plastics_shareable_dataset/audio_video_clips/GX020023/GX020023__000074.740__000075.240.mp4,created
GX020023,/media/jisha/E/trash_dataset/Brookhaven MRF 20250604 Preproc/Camera 1/GX020023/data/meta2.csv,90.5,92.12,1.6200000000000045,Other non -deposits.,,Non-Deposit,Plastics,7,5,000163,000174,000163 | 000165 | 000167 | 000168 | 000174,/media/jisha/D/trash_dataset/Brookhaven MRF 20250604/Camera1/GX020023.MP4,,/media/jisha/E/trash_dataset/camera1_plastics_shareable_dataset/audio_video_clips/GX020023/GX020023__000090.500__000092.120.mp4,created
GX020023,/media/jisha/E/trash_dataset/Brookhaven MRF 20250604 Preproc/Camera 1/GX020023/data/meta2.csv,94.54,95.64,1.0999999999999943,One deposit.,,Deposit #1 Bottles,Plastics,1,1,000192,000192,000192,/media/jisha/D/trash_dataset/Brookhaven MRF 20250604/Camera1/GX020023.MP4,,/media/jisha/E/trash_dataset/camera1_plastics_shareable_dataset/audio_video_clips/GX020023/GX020023__000094.540__000095.640.mp4,created
GX020023,/media/jisha/E/trash_dataset/Brookhaven MRF 20250604 Preproc/Camera 1/GX020023/data/meta2.csv,96.24,97.38,1.1400000000000006,One deposit.,,Deposit #1 Bottles,Plastics,4,4,000196,000202,000196 | 000200 | 000201 | 000202,/media/jisha/D/trash_dataset/Brookhaven MRF 20250604/Camera1/GX020023.MP4,,/media/jisha/E/trash_dataset/camera1_plastics_shareable_dataset/audio_video_clips/GX020023/GX020023__000096.240__000097.380.mp4,created
GX020023,/media/jisha/E/trash_dataset/Brookhaven MRF 20250604 Preproc/Camera 1/GX020023/data/meta2.csv,107.5,108.22,0.7199999999999989,Unnumbered.,,Other Unnumbered Containers & Fragments,Plastics,4,4,000204,000208,000204 | 000205 | 000206 | 000208,/media/jisha/D/trash_dataset/Brookhaven MRF 20250604/Camera1/GX020023.MP4,,/media/jisha/E/trash_dataset/camera1_plastics_shareable_dataset/audio_video_clips/GX020023/GX020023__000107.500__000108.220.mp4,created
GX020023,/media/jisha/E/trash_dataset/Brookhaven MRF 20250604 Preproc/Camera 1/GX020023/data/meta2.csv,111.94,112.52,0.5799999999999983,Unnumbered.,,Other Unnumbered Containers & Fragments,Plastics,1,1,000210,000210,000210,/media/jisha/D/trash_dataset/Brookhaven MRF 20250604/Camera1/GX020023.MP4,,/media/jisha/E/trash_dataset/camera1_plastics_shareable_dataset/audio_video_clips/GX020023/GX020023__000111.940__000112.520.mp4,created
GX020023,/media/jisha/E/trash_dataset/Brookhaven MRF 20250604 Preproc/Camera 1/GX020023/data/meta2.csv,132.8,133.7,0.8999999999999773,Number five.,,Containers #5/PP,Plastics,2,2,000226,000231,000226 | 000231,/media/jisha/D/trash_dataset/Brookhaven MRF 20250604/Camera1/GX020023.MP4,,/media/jisha/E/trash_dataset/camera1_plastics_shareable_dataset/audio_video_clips/GX020023/GX020023__000132.800__000133.700.mp4,created
GX020023,/media/jisha/E/trash_dataset/Brookhaven MRF 20250604 Preproc/Camera 1/GX020023/data/meta2.csv,134.02,134.26,0.23999999999998067,Number five.,,Containers #5/PP,Plastics,1,1,000233,000233,000233,/media/jisha/D/trash_dataset/Brookhaven MRF 20250604/Camera1/GX020023.MP4,,/media/jisha/E/trash_dataset/camera1_plastics_shareable_dataset/audio_video_clips/GX020023/GX020023__000134.020__000134.260.mp4,created
GX020023,/media/jisha/E/trash_dataset/Brookhaven MRF 20250604 Preproc/Camera 1/GX020023/data/meta2.csv,134.3,135.32,1.0199999999999818,Other plastic.,,Other Plastics,Plastics,3,3,000238,000241,000238 | 000240 | 000241,/media/jisha/D/trash_dataset/Brookhaven MRF 20250604/Camera1/GX020023.MP4,,/media/jisha/E/trash_dataset/camera1_plastics_shareable_dataset/audio_video_clips/GX020023/GX020023__000134.300__000135.320.mp4,created
GX020023,/media/jisha/E/trash_dataset/Brookhaven MRF 20250604 Preproc/Camera 1/GX020023/data/meta2.csv,140.26,141.64,1.3799999999999955,Non -deposit one.,,Other #1 Bottles,Plastics,1,1,000249,000249,000249,/media/jisha/D/trash_dataset/Brookhaven MRF 20250604/Camera1/GX020023.MP4,,/media/jisha/E/trash_dataset/camera1_plastics_shareable_dataset/audio_video_clips/GX020023/GX020023__000140.260__000141.640.mp4,created
GX020023,/media/jisha/E/trash_dataset/Brookhaven MRF 20250604 Preproc/Camera 1/GX020023/data/meta2.csv,142.86,143.92,1.0599999999999739,Other plastic.,,Other Plastics,Plastics,6,6,000256,000261,000256 | 000257 | 000258 | 000259 | 000260 | 000261,/media/jisha/D/trash_dataset/Brookhaven MRF 20250604/Camera1/GX020023.MP4,,/media/jisha/E/trash_dataset/camera1_plastics_shareable_dataset/audio_video_clips/GX020023/GX020023__000142.860__000143.920.mp4,created
GX020023,/media/jisha/E/trash_dataset/Brookhaven MRF 20250604 Preproc/Camera 1/GX020023/data/meta2.csv,147.72,148.46,0.7400000000000091,non -deposit one.,,Other #1 Bottles,Plastics,4,4,000274,000277,000274 | 000275 | 000276 | 000277,/media/jisha/D/trash_dataset/Brookhaven MRF 20250604/Camera1/GX020023.MP4,,/media/jisha/E/trash_dataset/camera1_plastics_shareable_dataset/audio_video_clips/GX020023/GX020023__000147.720__000148.460.mp4,created
GX020023,/media/jisha/E/trash_dataset/Brookhaven MRF 20250604 Preproc/Camera 1/GX020023/data/meta2.csv,155.62,156.82,1.1999999999999886,Two color.,,Containers #2 Colored,Plastics,6,5,000280,000287,000280 | 000283 | 000285 | 000286 | 000287,/media/jisha/D/trash_dataset/Brookhaven MRF 20250604/Camera1/GX020023.MP4,,/media/jisha/E/trash_dataset/camera1_plastics_shareable_dataset/audio_video_clips/GX020023/GX020023__000155.620__000156.820.mp4,created
GX020023,/media/jisha/E/trash_dataset/Brookhaven MRF 20250604 Preproc/Camera 1/GX020023/data/meta2.csv,159.86,160.12,0.2599999999999909,Two color.,,Containers #2 Colored,Plastics,1,1,000290,000290,000290,/media/jisha/D/trash_dataset/Brookhaven MRF 20250604/Camera1/GX020023.MP4,,/media/jisha/E/trash_dataset/camera1_plastics_shareable_dataset/audio_video_clips/GX020023/GX020023__000159.860__000160.120.mp4,created
GX020023,/media/jisha/E/trash_dataset/Brookhaven MRF 20250604 Preproc/Camera 1/GX020023/data/meta2.csv,180.78,182.0,1.2199999999999989,Two color.,,Containers #2 Colored,Plastics,7,6,000308,000314,000308 | 000309 | 000311 | 000312 | 000313 | 000314,/media/jisha/D/trash_dataset/Brookhaven MRF 20250604/Camera1/GX020023.MP4,,/media/jisha/E/trash_dataset/camera1_plastics_shareable_dataset/audio_video_clips/GX020023/GX020023__000180.780__000182.000.mp4,created
GX020023,/media/jisha/E/trash_dataset/Brookhaven MRF 20250604 Preproc/Camera 1/GX020023/data/meta2.csv,182.3,184.0,1.6999999999999886,Two color.,,Containers #2 Colored,Plastics,4,4,000322,000328,000322 | 000325 | 000327 | 000328,/media/jisha/D/trash_dataset/Brookhaven MRF 20250604/Camera1/GX020023.MP4,,/media/jisha/E/trash_dataset/camera1_plastics_shareable_dataset/audio_video_clips/GX020023/GX020023__000182.300__000184.000.mp4,created
GX020023,/media/jisha/E/trash_dataset/Brookhaven MRF 20250604 Preproc/Camera 1/GX020023/data/meta2.csv,196.84,197.72,0.8799999999999955,Clamshell.,,Containers #1/Clamshells,Plastics,5,3,000332,000334,000332 | 000333 | 000334,/media/jisha/D/trash_dataset/Brookhaven MRF 20250604/Camera1/GX020023.MP4,,/media/jisha/E/trash_dataset/camera1_plastics_shareable_dataset/audio_video_clips/GX020023/GX020023__000196.840__000197.720.mp4,created
GX020023,/media/jisha/E/trash_dataset/Brookhaven MRF 20250604 Preproc/Camera 1/GX020023/data/meta2.csv,199.72,201.02,1.3000000000000114,Deposit number one.,,Deposit #1 Bottles,Plastics,6,5,000339,000345,000339 | 000342 | 000343 | 000344 | 000345,/media/jisha/D/trash_dataset/Brookhaven MRF 20250604/Camera1/GX020023.MP4,,/media/jisha/E/trash_dataset/camera1_plastics_shareable_dataset/audio_video_clips/GX020023/GX020023__000199.720__000201.020.mp4,created
GX020023,/media/jisha/E/trash_dataset/Brookhaven MRF 20250604 Preproc/Camera 1/GX020023/data/meta2.csv,210.0,211.32,1.3199999999999932,Non -deposit one.,,Other #1 Bottles,Plastics,7,5,000350,000354,000350 | 000351 | 000352 | 000353 | 000354,/media/jisha/D/trash_dataset/Brookhaven MRF 20250604/Camera1/GX020023.MP4,,/media/jisha/E/trash_dataset/camera1_plastics_shareable_dataset/audio_video_clips/GX020023/GX020023__000210.000__000211.320.mp4,created
GX020023,/media/jisha/E/trash_dataset/Brookhaven MRF 20250604 Preproc/Camera 1/GX020023/data/meta2.csv,215.6,216.3,0.700000000000017,Two color.,,Containers #2 Colored,Plastics,3,3,000363,000365,000363 | 000364 | 000365,/media/jisha/D/trash_dataset/Brookhaven MRF 20250604/Camera1/GX020023.MP4,,/media/jisha/E/trash_dataset/camera1_plastics_shareable_dataset/audio_video_clips/GX020023/GX020023__000215.600__000216.300.mp4,created
GX020023,/media/jisha/E/trash_dataset/Brookhaven MRF 20250604 Preproc/Camera 1/GX020023/data/meta2.csv,219.96,222.06,2.0999999999999943,One non -deposit.,,Other #1 Bottles,Plastics,12,12,000369,000381,000369 | 000370 | 000371 | 000372 | 000373 | 000374 | 000375 | 000376 | 000377 | 000378 | 000380 | 000381,/media/jisha/D/trash_dataset/Brookhaven MRF 20250604/Camera1/GX020023.MP4,,/media/jisha/E/trash_dataset/camera1_plastics_shareable_dataset/audio_video_clips/GX020023/GX020023__000219.960__000222.060.mp4,created
GX020023,/media/jisha/E/trash_dataset/Brookhaven MRF 20250604 Preproc/Camera 1/GX020023/data/meta2.csv,225.76,227.08,1.3200000000000216,One non -deposit.,,Other #1 Bottles,Plastics,8,6,000401,000407,000401 | 000402 | 000403 | 000405 | 000406 | 000407,/media/jisha/D/trash_dataset/Brookhaven MRF 20250604/Camera1/GX020023.MP4,,/media/jisha/E/trash_dataset/camera1_plastics_shareable_dataset/audio_video_clips/GX020023/GX020023__000225.760__000227.080.mp4,created
GX020023,/media/jisha/E/trash_dataset/Brookhaven MRF 20250604 Preproc/Camera 1/GX020023/data/meta2.csv,236.88,237.84,0.960000000000008,Deposit.,,Other #1 Bottles,Plastics,2,2,000449,000450,000449 | 000450,/media/jisha/D/trash_dataset/Brookhaven MRF 20250604/Camera1/GX020023.MP4,,/media/jisha/E/trash_dataset/camera1_plastics_shareable_dataset/audio_video_clips/GX020023/GX020023__000236.880__000237.840.mp4,created
GX020023,/media/jisha/E/trash_dataset/Brookhaven MRF 20250604 Preproc/Camera 1/GX020023/data/meta2.csv,241.86,243.58,1.7199999999999989,One non -deposit,,Other #1 Bottles,Plastics,10,9,000457,000469,000457 | 000458 | 000461 | 000462 | 000463 | 000465 | 000466 | 000467 | 000469,/media/jisha/D/trash_dataset/Brookhaven MRF 20250604/Camera1/GX020023.MP4,,/media/jisha/E/trash_dataset/camera1_plastics_shareable_dataset/audio_video_clips/GX020023/GX020023__000241.860__000243.580.mp4,created
GX020023,/media/jisha/E/trash_dataset/Brookhaven MRF 20250604 Preproc/Camera 1/GX020023/data/meta2.csv,247.3,249.66,2.359999999999985,One non -deposit,,Other #1 Bottles,Plastics,3,3,000471,000488,000471 | 000487 | 000488,/media/jisha/D/trash_dataset/Brookhaven MRF 20250604/Camera1/GX020023.MP4,,/media/jisha/E/trash_dataset/camera1_plastics_shareable_dataset/audio_video_clips/GX020023/GX020023__000247.300__000249.660.mp4,created
GX020023,/media/jisha/E/trash_dataset/Brookhaven MRF 20250604 Preproc/Camera 1/GX020023/data/meta2.csv,249.66,250.78,1.1200000000000045,One deposit,,Deposit #1 Bottles,Plastics,2,2,000490,000497,000490 | 000497,/media/jisha/D/trash_dataset/Brookhaven MRF 20250604/Camera1/GX020023.MP4,,/media/jisha/E/trash_dataset/camera1_plastics_shareable_dataset/audio_video_clips/GX020023/GX020023__000249.660__000250.780.mp4,created
GX020023,/media/jisha/E/trash_dataset/Brookhaven MRF 20250604 Preproc/Camera 1/GX020023/data/meta2.csv,250.78,252.42,1.6399999999999864,One non -deposit,,Deposit #1 Bottles,Plastics,1,1,000509,000509,000509,/media/jisha/D/trash_dataset/Brookhaven MRF 20250604/Camera1/GX020023.MP4,,/media/jisha/E/trash_dataset/camera1_plastics_shareable_dataset/audio_video_clips/GX020023/GX020023__000250.780__000252.420.mp4,created
GX020023,/media/jisha/E/trash_dataset/Brookhaven MRF 20250604 Preproc/Camera 1/GX020023/data/meta2.csv,254.94,256.36,1.420000000000016,Two color,,Containers #2 Colored,Plastics,2,2,000516,000517,000516 | 000517,/media/jisha/D/trash_dataset/Brookhaven MRF 20250604/Camera1/GX020023.MP4,,/media/jisha/E/trash_dataset/camera1_plastics_shareable_dataset/audio_video_clips/GX020023/GX020023__000254.940__000256.360.mp4,created
GX020023,/media/jisha/E/trash_dataset/Brookhaven MRF 20250604 Preproc/Camera 1/GX020023/data/meta2.csv,256.36,257.44,1.079999999999984,One deposit,,Deposit #1 Bottles,Plastics,1,1,000530,000530,000530,/media/jisha/D/trash_dataset/Brookhaven MRF 20250604/Camera1/GX020023.MP4,,/media/jisha/E/trash_dataset/camera1_plastics_shareable_dataset/audio_video_clips/GX020023/GX020023__000256.360__000257.440.mp4,created
GX020023,/media/jisha/E/trash_dataset/Brookhaven MRF 20250604 Preproc/Camera 1/GX020023/data/meta2.csv,257.44,259.3,1.8600000000000136,One non -deposit,,Other #1 Bottles,Plastics,10,10,000533,000545,000533 | 000534 | 000535 | 000536 | 000538 | 000539 | 000541 | 000542 | 000544 | 000545,/media/jisha/D/trash_dataset/Brookhaven MRF 20250604/Camera1/GX020023.MP4,,/media/jisha/E/trash_dataset/camera1_plastics_shareable_dataset/audio_video_clips/GX020023/GX020023__000257.440__000259.300.mp4,created
GX020023,/media/jisha/E/trash_dataset/Brookhaven MRF 20250604 Preproc/Camera 1/GX020023/data/meta2.csv,259.3,261.36,2.0600000000000023,One non -deposit,,Other #1 Bottles,Plastics,8,7,000548,000558,000548 | 000552 | 000554 | 000555 | 000556 | 000557 | 000558,/media/jisha/D/trash_dataset/Brookhaven MRF 20250604/Camera1/GX020023.MP4,,/media/jisha/E/trash_dataset/camera1_plastics_shareable_dataset/audio_video_clips/GX020023/GX020023__000259.300__000261.360.mp4,created
GX020023,/media/jisha/E/trash_dataset/Brookhaven MRF 20250604 Preproc/Camera 1/GX020023/data/meta2.csv,264.08,265.42,1.3400000000000318,Three three seven,,Containers #3-7 (Not #5),Plastics,1,1,000567,000567,000567,/media/jisha/D/trash_dataset/Brookhaven MRF 20250604/Camera1/GX020023.MP4,,/media/jisha/E/trash_dataset/camera1_plastics_shareable_dataset/audio_video_clips/GX020023/GX020023__000264.080__000265.420.mp4,created
GX020023,/media/jisha/E/trash_dataset/Brookhaven MRF 20250604 Preproc/Camera 1/GX020023/data/meta2.csv,269.32,270.26,0.9399999999999977,Deposit,,Deposit #1 Bottles,Plastics,2,2,000577,000578,000577 | 000578,/media/jisha/D/trash_dataset/Brookhaven MRF 20250604/Camera1/GX020023.MP4,,/media/jisha/E/trash_dataset/camera1_plastics_shareable_dataset/audio_video_clips/GX020023/GX020023__000269.320__000270.260.mp4,created
GX020023,/media/jisha/E/trash_dataset/Brookhaven MRF 20250604 Preproc/Camera 1/GX020023/data/meta2.csv,273.8,275.04,1.240000000000009,Plastic film.,,Other Plastic Film,Plastics,1,1,000606,000606,000606,/media/jisha/D/trash_dataset/Brookhaven MRF 20250604/Camera1/GX020023.MP4,,/media/jisha/E/trash_dataset/camera1_plastics_shareable_dataset/audio_video_clips/GX020023/GX020023__000273.800__000275.040.mp4,created
GX020023,/media/jisha/E/trash_dataset/Brookhaven MRF 20250604 Preproc/Camera 1/GX020023/data/meta2.csv,277.42,278.96,1.5399999999999636,Number five.,,Containers #5/PP,Plastics,5,4,000614,000618,000614 | 000615 | 000616 | 000618,/media/jisha/D/trash_dataset/Brookhaven MRF 20250604/Camera1/GX020023.MP4,,/media/jisha/E/trash_dataset/camera1_plastics_shareable_dataset/audio_video_clips/GX020023/GX020023__000277.420__000278.960.mp4,created
GX020023,/media/jisha/E/trash_dataset/Brookhaven MRF 20250604 Preproc/Camera 1/GX020023/data/meta2.csv,303.3,304.44,1.1399999999999864,Five should be.,,Containers #5/PP,Plastics,3,3,000665,000670,000665 | 000669 | 000670,/media/jisha/D/trash_dataset/Brookhaven MRF 20250604/Camera1/GX020023.MP4,,/media/jisha/E/trash_dataset/camera1_plastics_shareable_dataset/audio_video_clips/GX020023/GX020023__000303.300__000304.440.mp4,created
GX020023,/media/jisha/E/trash_dataset/Brookhaven MRF 20250604 Preproc/Camera 1/GX020023/data/meta2.csv,304.64,305.94,1.3000000000000114,Non -deposit.,,Non-Deposit,Plastics,7,6,000674,000683,000674 | 000678 | 000679 | 000681 | 000682 | 000683,/media/jisha/D/trash_dataset/Brookhaven MRF 20250604/Camera1/GX020023.MP4,,/media/jisha/E/trash_dataset/camera1_plastics_shareable_dataset/audio_video_clips/GX020023/GX020023__000304.640__000305.940.mp4,created
GX020023,/media/jisha/E/trash_dataset/Brookhaven MRF 20250604 Preproc/Camera 1/GX020023/data/meta2.csv,313.4,313.94,0.5400000000000205,Non -deposit.,,Other #1 Bottles,Plastics,1,1,000685,000685,000685,/media/jisha/D/trash_dataset/Brookhaven MRF 20250604/Camera1/GX020023.MP4,,/media/jisha/E/trash_dataset/camera1_plastics_shareable_dataset/audio_video_clips/GX020023/GX020023__000313.400__000313.940.mp4,created
GX020023,/media/jisha/E/trash_dataset/Brookhaven MRF 20250604 Preproc/Camera 1/GX020023/data/meta2.csv,313.94,314.8,0.8600000000000136,Deposit number one.,,Deposit #1 Bottles,Plastics,1,1,000692,000692,000692,/media/jisha/D/trash_dataset/Brookhaven MRF 20250604/Camera1/GX020023.MP4,,/media/jisha/E/trash_dataset/camera1_plastics_shareable_dataset/audio_video_clips/GX020023/GX020023__000313.940__000314.800.mp4,created
GX020023,/media/jisha/E/trash_dataset/Brookhaven MRF 20250604 Preproc/Camera 1/GX020023/data/meta2.csv,328.98,330.54,1.5600000000000023,Black plastic.,,Black Plastic Containers,Plastics,11,8,000706,000716,000706 | 000707 | 000709 | 000710 | 000712 | 000713 | 000715 | 000716,/media/jisha/D/trash_dataset/Brookhaven MRF 20250604/Camera1/GX020023.MP4,,/media/jisha/E/trash_dataset/camera1_plastics_shareable_dataset/audio_video_clips/GX020023/GX020023__000328.980__000330.540.mp4,created
GX020023,/media/jisha/E/trash_dataset/Brookhaven MRF 20250604 Preproc/Camera 1/GX020023/data/meta2.csv,339.36,340.38,1.0199999999999818,Clam shell.,,Containers #1/Clamshells,Plastics,5,4,000729,000735,000729 | 000731 | 000732 | 000735,/media/jisha/D/trash_dataset/Brookhaven MRF 20250604/Camera1/GX020023.MP4,,/media/jisha/E/trash_dataset/camera1_plastics_shareable_dataset/audio_video_clips/GX020023/GX020023__000339.360__000340.380.mp4,created
GX020023,/media/jisha/E/trash_dataset/Brookhaven MRF 20250604 Preproc/Camera 1/GX020023/data/meta2.csv,341.89,342.78,0.8899999999999864,Black plastic.,,Black Plastic Containers,Plastics,1,1,000744,000744,000744,/media/jisha/D/trash_dataset/Brookhaven MRF 20250604/Camera1/GX020023.MP4,,/media/jisha/E/trash_dataset/camera1_plastics_shareable_dataset/audio_video_clips/GX020023/GX020023__000341.890__000342.780.mp4,created
GX020023,/media/jisha/E/trash_dataset/Brookhaven MRF 20250604 Preproc/Camera 1/GX020023/data/meta2.csv,347.24,348.18,0.9399999999999977,Number five.,,Containers #5/PP,Plastics,4,4,000746,000750,000746 | 000747 | 000749 | 000750,/media/jisha/D/trash_dataset/Brookhaven MRF 20250604/Camera1/GX020023.MP4,,/media/jisha/E/trash_dataset/camera1_plastics_shareable_dataset/audio_video_clips/GX020023/GX020023__000347.240__000348.180.mp4,created
GX020023,/media/jisha/E/trash_dataset/Brookhaven MRF 20250604 Preproc/Camera 1/GX020023/data/meta2.csv,349.7,352.04,2.340000000000032,Number one non -deposit.,,Other #1 Bottles,Plastics,18,12,000760,000771,000760 | 000761 | 000762 | 000763 | 000764 | 000765 | 000766 | 000767 | 000768 | 000769 | 000770 | 000771,/media/jisha/D/trash_dataset/Brookhaven MRF 20250604/Camera1/GX020023.MP4,,/media/jisha/E/trash_dataset/camera1_plastics_shareable_dataset/audio_video_clips/GX020023/GX020023__000349.700__000352.040.mp4,created
GX020023,/media/jisha/E/trash_dataset/Brookhaven MRF 20250604 Preproc/Camera 1/GX020023/data/meta2.csv,354.96,355.74,0.7800000000000296,One non -deposit.,,Other #1 Bottles,Plastics,2,2,000782,000785,000782 | 000785,/media/jisha/D/trash_dataset/Brookhaven MRF 20250604/Camera1/GX020023.MP4,,/media/jisha/E/trash_dataset/camera1_plastics_shareable_dataset/audio_video_clips/GX020023/GX020023__000354.960__000355.740.mp4,created
GX020023,/media/jisha/E/trash_dataset/Brookhaven MRF 20250604 Preproc/Camera 1/GX020023/data/meta2.csv,365.28,366.06,0.7800000000000296,Clam shell.,,Containers #1/Clamshells,Plastics,1,1,000794,000794,000794,/media/jisha/D/trash_dataset/Brookhaven MRF 20250604/Camera1/GX020023.MP4,,/media/jisha/E/trash_dataset/camera1_plastics_shareable_dataset/audio_video_clips/GX020023/GX020023__000365.280__000366.060.mp4,created
GX020023,/media/jisha/E/trash_dataset/Brookhaven MRF 20250604 Preproc/Camera 1/GX020023/data/meta2.csv,367.9,368.68,0.7800000000000296,Clam shell.,,Containers #1/Clamshells,Plastics,1,1,000797,000797,000797,/media/jisha/D/trash_dataset/Brookhaven MRF 20250604/Camera1/GX020023.MP4,,/media/jisha/E/trash_dataset/camera1_plastics_shareable_dataset/audio_video_clips/GX020023/GX020023__000367.900__000368.680.mp4,created
GX020023,/media/jisha/E/trash_dataset/Brookhaven MRF 20250604 Preproc/Camera 1/GX020023/data/meta2.csv,377.86,379.24,1.3799999999999955,Non -deposit one.,,Other #1 Bottles,Plastics,6,6,000803,000809,000803 | 000804 | 000805 | 000806 | 000807 | 000809,/media/jisha/D/trash_dataset/Brookhaven MRF 20250604/Camera1/GX020023.MP4,,/media/jisha/E/trash_dataset/camera1_plastics_shareable_dataset/audio_video_clips/GX020023/GX020023__000377.860__000379.240.mp4,created
GX020023,/media/jisha/E/trash_dataset/Brookhaven MRF 20250604 Preproc/Camera 1/GX020023/data/meta2.csv,380.2,381.46,1.259999999999991,Non -deposit one.,,Other #1 Bottles,Plastics,4,4,000818,000821,000818 | 000819 | 000820 | 000821,/media/jisha/D/trash_dataset/Brookhaven MRF 20250604/Camera1/GX020023.MP4,,/media/jisha/E/trash_dataset/camera1_plastics_shareable_dataset/audio_video_clips/GX020023/GX020023__000380.200__000381.460.mp4,created
GX020023,/media/jisha/E/trash_dataset/Brookhaven MRF 20250604 Preproc/Camera 1/GX020023/data/meta2.csv,381.46,381.68,0.22000000000002728,Non -deposit one.,,Other #1 Bottles,Plastics,2,2,000822,000823,000822 | 000823,/media/jisha/D/trash_dataset/Brookhaven MRF 20250604/Camera1/GX020023.MP4,,/media/jisha/E/trash_dataset/camera1_plastics_shareable_dataset/audio_video_clips/GX020023/GX020023__000381.460__000381.680.mp4,created
GX020023,/media/jisha/E/trash_dataset/Brookhaven MRF 20250604 Preproc/Camera 1/GX020023/data/meta2.csv,386.9,388.1,1.2000000000000455,One clamshell.,,Containers #1/Clamshells,Plastics,10,8,000826,000833,000826 | 000827 | 000828 | 000829 | 000830 | 000831 | 000832 | 000833,/media/jisha/D/trash_dataset/Brookhaven MRF 20250604/Camera1/GX020023.MP4,,/media/jisha/E/trash_dataset/camera1_plastics_shareable_dataset/audio_video_clips/GX020023/GX020023__000386.900__000388.100.mp4,created
GX020023,/media/jisha/E/trash_dataset/Brookhaven MRF 20250604 Preproc/Camera 1/GX020023/data/meta2.csv,389.44,390.68,1.240000000000009,Non -deposit one.,,Other #1 Bottles,Plastics,3,2,000837,000839,000837 | 000839,/media/jisha/D/trash_dataset/Brookhaven MRF 20250604/Camera1/GX020023.MP4,,/media/jisha/E/trash_dataset/camera1_plastics_shareable_dataset/audio_video_clips/GX020023/GX020023__000389.440__000390.680.mp4,created
GX020023,/media/jisha/E/trash_dataset/Brookhaven MRF 20250604 Preproc/Camera 1/GX020023/data/meta2.csv,390.88,391.2,0.3199999999999932,Non -deposit one.,,Other #1 Bottles,Plastics,2,2,000845,000846,000845 | 000846,/media/jisha/D/trash_dataset/Brookhaven MRF 20250604/Camera1/GX020023.MP4,,/media/jisha/E/trash_dataset/camera1_plastics_shareable_dataset/audio_video_clips/GX020023/GX020023__000390.880__000391.200.mp4,created
GX020023,/media/jisha/E/trash_dataset/Brookhaven MRF 20250604 Preproc/Camera 1/GX020023/data/meta2.csv,393.74,394.22,0.4800000000000182,Clamshell.,,Containers #1/Clamshells,Plastics,3,2,000853,000854,000853 | 000854,/media/jisha/D/trash_dataset/Brookhaven MRF 20250604/Camera1/GX020023.MP4,,/media/jisha/E/trash_dataset/camera1_plastics_shareable_dataset/audio_video_clips/GX020023/GX020023__000393.740__000394.220.mp4,created
GX020023,/media/jisha/E/trash_dataset/Brookhaven MRF 20250604 Preproc/Camera 1/GX020023/data/meta2.csv,397.14,398.34,1.1999999999999886,Other plastic.,,Other Plastics,Plastics,9,6,000859,000867,000859 | 000860 | 000861 | 000862 | 000863 | 000867,/media/jisha/D/trash_dataset/Brookhaven MRF 20250604/Camera1/GX020023.MP4,,/media/jisha/E/trash_dataset/camera1_plastics_shareable_dataset/audio_video_clips/GX020023/GX020023__000397.140__000398.340.mp4,created
GX020023,/media/jisha/E/trash_dataset/Brookhaven MRF 20250604 Preproc/Camera 1/GX020023/data/meta2.csv,412.74,413.72,0.9800000000000182,Black plastic.,,Black Plastic Containers,Plastics,3,3,000881,000883,000881 | 000882 | 000883,/media/jisha/D/trash_dataset/Brookhaven MRF 20250604/Camera1/GX020023.MP4,,/media/jisha/E/trash_dataset/camera1_plastics_shareable_dataset/audio_video_clips/GX020023/GX020023__000412.740__000413.720.mp4,created
GX020023,/media/jisha/E/trash_dataset/Brookhaven MRF 20250604 Preproc/Camera 1/GX020023/data/meta2.csv,413.96,414.82,0.8600000000000136,Clam shell.,,Containers #1/Clamshells,Plastics,1,1,000885,000885,000885,/media/jisha/D/trash_dataset/Brookhaven MRF 20250604/Camera1/GX020023.MP4,,/media/jisha/E/trash_dataset/camera1_plastics_shareable_dataset/audio_video_clips/GX020023/GX020023__000413.960__000414.820.mp4,created
GX020023,/media/jisha/E/trash_dataset/Brookhaven MRF 20250604 Preproc/Camera 1/GX020023/data/meta2.csv,423.17,423.68,0.5099999999999909,Clam shell.,,Containers #1/Clamshells,Plastics,2,2,000898,000899,000898 | 000899,/media/jisha/D/trash_dataset/Brookhaven MRF 20250604/Camera1/GX020023.MP4,,/media/jisha/E/trash_dataset/camera1_plastics_shareable_dataset/audio_video_clips/GX020023/GX020023__000423.170__000423.680.mp4,created
GX020023,/media/jisha/E/trash_dataset/Brookhaven MRF 20250604 Preproc/Camera 1/GX020023/data/meta2.csv,427.08,428.14,1.0600000000000023,Deposit number one.,,Deposit #1 Bottles,Plastics,7,5,000907,000913,000907 | 000909 | 000911 | 000912 | 000913,/media/jisha/D/trash_dataset/Brookhaven MRF 20250604/Camera1/GX020023.MP4,,/media/jisha/E/trash_dataset/camera1_plastics_shareable_dataset/audio_video_clips/GX020023/GX020023__000427.080__000428.140.mp4,created
GX020023,/media/jisha/E/trash_dataset/Brookhaven MRF 20250604 Preproc/Camera 1/GX020023/data/meta2.csv,430.96,432.6,1.6400000000000432,Non -deposit number one.,,Other #1 Bottles,Plastics,3,3,000916,000918,000916 | 000917 | 000918,/media/jisha/D/trash_dataset/Brookhaven MRF 20250604/Camera1/GX020023.MP4,,/media/jisha/E/trash_dataset/camera1_plastics_shareable_dataset/audio_video_clips/GX020023/GX020023__000430.960__000432.600.mp4,created
GX020023,/media/jisha/E/trash_dataset/Brookhaven MRF 20250604 Preproc/Camera 1/GX020023/data/meta2.csv,436.12,436.56,0.4399999999999977,Other plastic.,,Other Plastics,Plastics,1,1,000938,000938,000938,/media/jisha/D/trash_dataset/Brookhaven MRF 20250604/Camera1/GX020023.MP4,,/media/jisha/E/trash_dataset/camera1_plastics_shareable_dataset/audio_video_clips/GX020023/GX020023__000436.120__000436.560.mp4,created
GX020023,/media/jisha/E/trash_dataset/Brookhaven MRF 20250604 Preproc/Camera 1/GX020023/data/meta2.csv,439.19,439.5,0.3100000000000023,Five.,,Containers #5/PP,Plastics,2,1,000940,000940,000940,/media/jisha/D/trash_dataset/Brookhaven MRF 20250604/Camera1/GX020023.MP4,,/media/jisha/E/trash_dataset/camera1_plastics_shareable_dataset/audio_video_clips/GX020023/GX020023__000439.190__000439.500.mp4,created
GX020023,/media/jisha/E/trash_dataset/Brookhaven MRF 20250604 Preproc/Camera 1/GX020023/data/meta2.csv,461.56,463.1,1.5400000000000205,Number one clamshell.,,Containers #1/Clamshells,Plastics,5,5,000943,000948,000943 | 000945 | 000946 | 000947 | 000948,/media/jisha/D/trash_dataset/Brookhaven MRF 20250604/Camera1/GX020023.MP4,,/media/jisha/E/trash_dataset/camera1_plastics_shareable_dataset/audio_video_clips/GX020023/GX020023__000461.560__000463.100.mp4,created
GX020023,/media/jisha/E/trash_dataset/Brookhaven MRF 20250604 Preproc/Camera 1/GX020023/data/meta2.csv,474.44,475.36,0.9200000000000159,Unnumbered.,,Other Unnumbered Containers & Fragments,Plastics,6,5,000965,000969,000965 | 000966 | 000967 | 000968 | 000969,/media/jisha/D/trash_dataset/Brookhaven MRF 20250604/Camera1/GX020023.MP4,,/media/jisha/E/trash_dataset/camera1_plastics_shareable_dataset/audio_video_clips/GX020023/GX020023__000474.440__000475.360.mp4,created
GX020023,/media/jisha/E/trash_dataset/Brookhaven MRF 20250604 Preproc/Camera 1/GX020023/data/meta2.csv,477.84,478.76,0.9200000000000159,Clamshell.,,Containers #1/Clamshells,Plastics,6,5,000973,000978,000973 | 000974 | 000976 | 000977 | 000978,/media/jisha/D/trash_dataset/Brookhaven MRF 20250604/Camera1/GX020023.MP4,,/media/jisha/E/trash_dataset/camera1_plastics_shareable_dataset/audio_video_clips/GX020023/GX020023__000477.840__000478.760.mp4,created
GX020023,/media/jisha/E/trash_dataset/Brookhaven MRF 20250604 Preproc/Camera 1/GX020023/data/meta2.csv,478.84,479.18,0.34000000000003183,Clamshell.,,Containers #1/Clamshells,Plastics,1,1,000980,000980,000980,/media/jisha/D/trash_dataset/Brookhaven MRF 20250604/Camera1/GX020023.MP4,,/media/jisha/E/trash_dataset/camera1_plastics_shareable_dataset/audio_video_clips/GX020023/GX020023__000478.840__000479.180.mp4,created
GX020023,/media/jisha/E/trash_dataset/Brookhaven MRF 20250604 Preproc/Camera 1/GX020023/data/meta2.csv,482.4,483.78,1.3799999999999955,Number five.,,Containers #5/PP,Plastics,9,6,000987,000992,000987 | 000988 | 000989 | 000990 | 000991 | 000992,/media/jisha/D/trash_dataset/Brookhaven MRF 20250604/Camera1/GX020023.MP4,,/media/jisha/E/trash_dataset/camera1_plastics_shareable_dataset/audio_video_clips/GX020023/GX020023__000482.400__000483.780.mp4,created
GX020023,/media/jisha/E/trash_dataset/Brookhaven MRF 20250604 Preproc/Camera 1/GX020023/data/meta2.csv,485.22,487.32,2.099999999999966,Non -deposit number one.,,Other #1 Bottles,Plastics,1,1,000994,000994,000994,/media/jisha/D/trash_dataset/Brookhaven MRF 20250604/Camera1/GX020023.MP4,,/media/jisha/E/trash_dataset/camera1_plastics_shareable_dataset/audio_video_clips/GX020023/GX020023__000485.220__000487.320.mp4,created
GX020023,/media/jisha/E/trash_dataset/Brookhaven MRF 20250604 Preproc/Camera 1/GX020023/data/meta2.csv,490.38,492.08,1.6999999999999886,Non -deposit number one.,,Other #1 Bottles,Plastics,16,11,001011,001023,001011 | 001012 | 001013 | 001014 | 001015 | 001018 | 001019 | 001020 | 001021 | 001022 | 001023,/media/jisha/D/trash_dataset/Brookhaven MRF 20250604/Camera1/GX020023.MP4,,/media/jisha/E/trash_dataset/camera1_plastics_shareable_dataset/audio_video_clips/GX020023/GX020023__000490.380__000492.080.mp4,created
GX020023,/media/jisha/E/trash_dataset/Brookhaven MRF 20250604 Preproc/Camera 1/GX020023/data/meta2.csv,509.02,510.54,1.5200000000000387,One non -deposit.,,Other #1 Bottles,Plastics,12,11,001032,001042,001032 | 001033 | 001034 | 001035 | 001036 | 001037 | 001038 | 001039 | 001040 | 001041 | 001042,/media/jisha/D/trash_dataset/Brookhaven MRF 20250604/Camera1/GX020023.MP4,,/media/jisha/E/trash_dataset/camera1_plastics_shareable_dataset/audio_video_clips/GX020023/GX020023__000509.020__000510.540.mp4,created
GX020023,/media/jisha/E/trash_dataset/Brookhaven MRF 20250604 Preproc/Camera 1/GX020023/data/meta2.csv,534.26,535.02,0.7599999999999909,Clamshell.,,Containers #1/Clamshells,Plastics,1,1,001054,001054,001054,/media/jisha/D/trash_dataset/Brookhaven MRF 20250604/Camera1/GX020023.MP4,,/media/jisha/E/trash_dataset/camera1_plastics_shareable_dataset/audio_video_clips/GX020023/GX020023__000534.260__000535.020.mp4,created
GX020023,/media/jisha/E/trash_dataset/Brookhaven MRF 20250604 Preproc/Camera 1/GX020023/data/meta2.csv,547.04,547.88,0.8400000000000318,One other deposit.,,Other #1 Bottles,Plastics,1,1,001084,001084,001084,/media/jisha/D/trash_dataset/Brookhaven MRF 20250604/Camera1/GX020023.MP4,,/media/jisha/E/trash_dataset/camera1_plastics_shareable_dataset/audio_video_clips/GX020023/GX020023__000547.040__000547.880.mp4,created
GX020023,/media/jisha/E/trash_dataset/Brookhaven MRF 20250604 Preproc/Camera 1/GX020023/data/meta2.csv,551.18,551.5,0.32000000000005,One deposit.,,Deposit #1 Bottles,Plastics,1,1,001096,001096,001096,/media/jisha/D/trash_dataset/Brookhaven MRF 20250604/Camera1/GX020023.MP4,,/media/jisha/E/trash_dataset/camera1_plastics_shareable_dataset/audio_video_clips/GX020023/GX020023__000551.180__000551.500.mp4,created
GX020023,/media/jisha/E/trash_dataset/Brookhaven MRF 20250604 Preproc/Camera 1/GX020023/data/meta2.csv,560.1,560.72,0.6200000000000045,Other plastic.,,Other Plastics,Plastics,1,1,001109,001109,001109,/media/jisha/D/trash_dataset/Brookhaven MRF 20250604/Camera1/GX020023.MP4,,/media/jisha/E/trash_dataset/camera1_plastics_shareable_dataset/audio_video_clips/GX020023/GX020023__000560.100__000560.720.mp4,created
GX020023,/media/jisha/E/trash_dataset/Brookhaven MRF 20250604 Preproc/Camera 1/GX020023/data/meta2.csv,565.02,565.72,0.7000000000000455,Unnumbered.,,Other Unnumbered Containers & Fragments,Plastics,1,1,001129,001129,001129,/media/jisha/D/trash_dataset/Brookhaven MRF 20250604/Camera1/GX020023.MP4,,/media/jisha/E/trash_dataset/camera1_plastics_shareable_dataset/audio_video_clips/GX020023/GX020023__000565.020__000565.720.mp4,created
GX020023,/media/jisha/E/trash_dataset/Brookhaven MRF 20250604 Preproc/Camera 1/GX020023/data/meta2.csv,569.62,570.28,0.6599999999999682,Black plastic.,,Black Plastic Containers,Plastics,3,3,001131,001134,001131 | 001132 | 001134,/media/jisha/D/trash_dataset/Brookhaven MRF 20250604/Camera1/GX020023.MP4,,/media/jisha/E/trash_dataset/camera1_plastics_shareable_dataset/audio_video_clips/GX020023/GX020023__000569.620__000570.280.mp4,created
GX020023,/media/jisha/E/trash_dataset/Brookhaven MRF 20250604 Preproc/Camera 1/GX020023/data/meta2.csv,625.36,626.18,0.8199999999999363,One deposit.,,Deposit #1 Bottles,Plastics,1,1,001166,001166,001166,/media/jisha/D/trash_dataset/Brookhaven MRF 20250604/Camera1/GX020023.MP4,,/media/jisha/E/trash_dataset/camera1_plastics_shareable_dataset/audio_video_clips/GX020023/GX020023__000625.360__000626.180.mp4,created
GX020023,/media/jisha/E/trash_dataset/Brookhaven MRF 20250604 Preproc/Camera 1/GX020023/data/meta2.csv,626.72,627.54,0.8199999999999363,One deposit.,,Deposit #1 Bottles,Plastics,3,3,001170,001173,001170 | 001172 | 001173,/media/jisha/D/trash_dataset/Brookhaven MRF 20250604/Camera1/GX020023.MP4,,/media/jisha/E/trash_dataset/camera1_plastics_shareable_dataset/audio_video_clips/GX020023/GX020023__000626.720__000627.540.mp4,created
GX020023,/media/jisha/E/trash_dataset/Brookhaven MRF 20250604 Preproc/Camera 1/GX020023/data/meta2.csv,628.68,632.64,3.9600000000000364,One non -deposit.,,Other #1 Bottles,Plastics,10,9,001184,001201,001184 | 001185 | 001186 | 001187 | 001190 | 001194 | 001197 | 001199 | 001201,/media/jisha/D/trash_dataset/Brookhaven MRF 20250604/Camera1/GX020023.MP4,,/media/jisha/E/trash_dataset/camera1_plastics_shareable_dataset/audio_video_clips/GX020023/GX020023__000628.680__000632.640.mp4,created
GX020023,/media/jisha/E/trash_dataset/Brookhaven MRF 20250604 Preproc/Camera 1/GX020023/data/meta2.csv,639.86,640.86,1.0,Unnumbered.,,Other Unnumbered Containers & Fragments,Plastics,9,7,001217,001223,001217 | 001218 | 001219 | 001220 | 001221 | 001222 | 001223,/media/jisha/D/trash_dataset/Brookhaven MRF 20250604/Camera1/GX020023.MP4,,/media/jisha/E/trash_dataset/camera1_plastics_shareable_dataset/audio_video_clips/GX020023/GX020023__000639.860__000640.860.mp4,created
GX020023,/media/jisha/E/trash_dataset/Brookhaven MRF 20250604 Preproc/Camera 1/GX020023/data/meta2.csv,641.62,643.36,1.740000000000009,One non -deposit.,,Other #1 Bottles,Plastics,5,4,001234,001237,001234 | 001235 | 001236 | 001237,/media/jisha/D/trash_dataset/Brookhaven MRF 20250604/Camera1/GX020023.MP4,,/media/jisha/E/trash_dataset/camera1_plastics_shareable_dataset/audio_video_clips/GX020023/GX020023__000641.620__000643.360.mp4,created
GX020023,/media/jisha/E/trash_dataset/Brookhaven MRF 20250604 Preproc/Camera 1/GX020023/data/meta2.csv,645.26,646.26,1.0,Natural.,,Containers #2 Natural,Plastics,1,1,001240,001240,001240,/media/jisha/D/trash_dataset/Brookhaven MRF 20250604/Camera1/GX020023.MP4,,/media/jisha/E/trash_dataset/camera1_plastics_shareable_dataset/audio_video_clips/GX020023/GX020023__000645.260__000646.260.mp4,created
GX020023,/media/jisha/E/trash_dataset/Brookhaven MRF 20250604 Preproc/Camera 1/GX020023/data/meta2.csv,646.68,647.38,0.7000000000000455,Two natural.,,Containers #2 Natural,Plastics,4,3,001248,001250,001248 | 001249 | 001250,/media/jisha/D/trash_dataset/Brookhaven MRF 20250604/Camera1/GX020023.MP4,,/media/jisha/E/trash_dataset/camera1_plastics_shareable_dataset/audio_video_clips/GX020023/GX020023__000646.680__000647.380.mp4,created
GX020023,/media/jisha/E/trash_dataset/Brookhaven MRF 20250604 Preproc/Camera 1/GX020023/data/meta2.csv,653.42,655.22,1.8000000000000682,One non -deposit.,,Other #1 Bottles,Plastics,3,3,001254,001265,001254 | 001264 | 001265,/media/jisha/D/trash_dataset/Brookhaven MRF 20250604/Camera1/GX020023.MP4,,/media/jisha/E/trash_dataset/camera1_plastics_shareable_dataset/audio_video_clips/GX020023/GX020023__000653.420__000655.220.mp4,created
GX020023,/media/jisha/E/trash_dataset/Brookhaven MRF 20250604 Preproc/Camera 1/GX020023/data/meta2.csv,656.7,657.38,0.67999999999995,Clamshell.,,Containers #1/Clamshells,Plastics,3,3,001269,001272,001269 | 001271 | 001272,/media/jisha/D/trash_dataset/Brookhaven MRF 20250604/Camera1/GX020023.MP4,,/media/jisha/E/trash_dataset/camera1_plastics_shareable_dataset/audio_video_clips/GX020023/GX020023__000656.700__000657.380.mp4,created
GX020023,/media/jisha/E/trash_dataset/Brookhaven MRF 20250604 Preproc/Camera 1/GX020023/data/meta2.csv,677.66,678.78,1.1200000000000045,"Black plastic,",,Black Plastic Containers,Plastics,1,1,001306,001306,001306,/media/jisha/D/trash_dataset/Brookhaven MRF 20250604/Camera1/GX020023.MP4,,/media/jisha/E/trash_dataset/camera1_plastics_shareable_dataset/audio_video_clips/GX020023/GX020023__000677.660__000678.780.mp4,created
GX020023,/media/jisha/E/trash_dataset/Brookhaven MRF 20250604 Preproc/Camera 1/GX020023/data/meta2.csv,679.04,679.72,0.6800000000000637,"black plastic,",,Black Plastic Containers,Plastics,2,2,001308,001309,001308 | 001309,/media/jisha/D/trash_dataset/Brookhaven MRF 20250604/Camera1/GX020023.MP4,,/media/jisha/E/trash_dataset/camera1_plastics_shareable_dataset/audio_video_clips/GX020023/GX020023__000679.040__000679.720.mp4,created
GX020023,/media/jisha/E/trash_dataset/Brookhaven MRF 20250604 Preproc/Camera 1/GX020023/data/meta2.csv,679.8,680.42,0.6200000000000045,black plastic.,,Black Plastic Containers,Plastics,2,2,001315,001317,001315 | 001317,/media/jisha/D/trash_dataset/Brookhaven MRF 20250604/Camera1/GX020023.MP4,,/media/jisha/E/trash_dataset/camera1_plastics_shareable_dataset/audio_video_clips/GX020023/GX020023__000679.800__000680.420.mp4,created
GX020023,/media/jisha/E/trash_dataset/Brookhaven MRF 20250604 Preproc/Camera 1/GX020023/data/meta2.csv,681.3,682.56,1.259999999999991,One non -deposit here.,,Other #1 Bottles,Plastics,4,3,001321,001327,001321 | 001323 | 001327,/media/jisha/D/trash_dataset/Brookhaven MRF 20250604/Camera1/GX020023.MP4,,/media/jisha/E/trash_dataset/camera1_plastics_shareable_dataset/audio_video_clips/GX020023/GX020023__000681.300__000682.560.mp4,created
GX020023,/media/jisha/E/trash_dataset/Brookhaven MRF 20250604 Preproc/Camera 1/GX020023/data/meta2.csv,685.62,686.24,0.6200000000000045,Five.,,Containers #5/PP,Plastics,3,3,001330,001332,001330 | 001331 | 001332,/media/jisha/D/trash_dataset/Brookhaven MRF 20250604/Camera1/GX020023.MP4,,/media/jisha/E/trash_dataset/camera1_plastics_shareable_dataset/audio_video_clips/GX020023/GX020023__000685.620__000686.240.mp4,created
GX020023,/media/jisha/E/trash_dataset/Brookhaven MRF 20250604 Preproc/Camera 1/GX020023/data/meta2.csv,693.76,694.16,0.39999999999997726,"One deposit,",,Deposit #1 Bottles,Plastics,3,2,001337,001338,001337 | 001338,/media/jisha/D/trash_dataset/Brookhaven MRF 20250604/Camera1/GX020023.MP4,,/media/jisha/E/trash_dataset/camera1_plastics_shareable_dataset/audio_video_clips/GX020023/GX020023__000693.760__000694.160.mp4,created
GX020023,/media/jisha/E/trash_dataset/Brookhaven MRF 20250604 Preproc/Camera 1/GX020023/data/meta2.csv,694.5,695.1,0.6000000000000227,"one deposit,",,Deposit #1 Bottles,Plastics,6,4,001340,001343,001340 | 001341 | 001342 | 001343,/media/jisha/D/trash_dataset/Brookhaven MRF 20250604/Camera1/GX020023.MP4,,/media/jisha/E/trash_dataset/camera1_plastics_shareable_dataset/audio_video_clips/GX020023/GX020023__000694.500__000695.100.mp4,created
GX020023,/media/jisha/E/trash_dataset/Brookhaven MRF 20250604 Preproc/Camera 1/GX020023/data/meta2.csv,695.34,696.36,1.0199999999999818,one deposit.,,Deposit #1 Bottles,Plastics,3,3,001347,001349,001347 | 001348 | 001349,/media/jisha/D/trash_dataset/Brookhaven MRF 20250604/Camera1/GX020023.MP4,,/media/jisha/E/trash_dataset/camera1_plastics_shareable_dataset/audio_video_clips/GX020023/GX020023__000695.340__000696.360.mp4,created
GX020023,/media/jisha/E/trash_dataset/Brookhaven MRF 20250604 Preproc/Camera 1/GX020023/data/meta2.csv,701.76,702.56,0.7999999999999545,One deposit.,,Deposit #1 Bottles,Plastics,3,3,001372,001374,001372 | 001373 | 001374,/media/jisha/D/trash_dataset/Brookhaven MRF 20250604/Camera1/GX020023.MP4,,/media/jisha/E/trash_dataset/camera1_plastics_shareable_dataset/audio_video_clips/GX020023/GX020023__000701.760__000702.560.mp4,created
GX020023,/media/jisha/E/trash_dataset/Brookhaven MRF 20250604 Preproc/Camera 1/GX020023/data/meta2.csv,703.38,704.14,0.7599999999999909,Clamshell.,,Containers #1/Clamshells,Plastics,4,3,001377,001380,001377 | 001378 | 001380,/media/jisha/D/trash_dataset/Brookhaven MRF 20250604/Camera1/GX020023.MP4,,/media/jisha/E/trash_dataset/camera1_plastics_shareable_dataset/audio_video_clips/GX020023/GX020023__000703.380__000704.140.mp4,created
GX020023,/media/jisha/E/trash_dataset/Brookhaven MRF 20250604 Preproc/Camera 1/GX020023/data/meta2.csv,704.58,705.28,0.6999999999999318,One non -deposit.,,Other #1 Bottles,Plastics,3,2,001385,001386,001385 | 001386,/media/jisha/D/trash_dataset/Brookhaven MRF 20250604/Camera1/GX020023.MP4,,/media/jisha/E/trash_dataset/camera1_plastics_shareable_dataset/audio_video_clips/GX020023/GX020023__000704.580__000705.280.mp4,created
GX020023,/media/jisha/E/trash_dataset/Brookhaven MRF 20250604 Preproc/Camera 1/GX020023/data/meta2.csv,711.58,712.34,0.7599999999999909,Unnumbered.,,Other Unnumbered Containers & Fragments,Plastics,3,3,001390,001392,001390 | 001391 | 001392,/media/jisha/D/trash_dataset/Brookhaven MRF 20250604/Camera1/GX020023.MP4,,/media/jisha/E/trash_dataset/camera1_plastics_shareable_dataset/audio_video_clips/GX020023/GX020023__000711.580__000712.340.mp4,created
GX020023,/media/jisha/E/trash_dataset/Brookhaven MRF 20250604 Preproc/Camera 1/GX020023/data/meta2.csv,714.2,715.14,0.9399999999999409,Other plastic.,,Other Plastics,Plastics,4,3,001405,001407,001405 | 001406 | 001407,/media/jisha/D/trash_dataset/Brookhaven MRF 20250604/Camera1/GX020023.MP4,,/media/jisha/E/trash_dataset/camera1_plastics_shareable_dataset/audio_video_clips/GX020023/GX020023__000714.200__000715.140.mp4,created
GX020023,/media/jisha/E/trash_dataset/Brookhaven MRF 20250604 Preproc/Camera 1/GX020023/data/meta2.csv,717.6,718.36,0.7599999999999909,Five.,,Containers #5/PP,Plastics,2,2,001415,001417,001415 | 001417,/media/jisha/D/trash_dataset/Brookhaven MRF 20250604/Camera1/GX020023.MP4,,/media/jisha/E/trash_dataset/camera1_plastics_shareable_dataset/audio_video_clips/GX020023/GX020023__000717.600__000718.360.mp4,created
GX020023,/media/jisha/E/trash_dataset/Brookhaven MRF 20250604 Preproc/Camera 1/GX020023/data/meta2.csv,719.26,720.14,0.8799999999999955,Black plastic.,,Black Plastic Containers,Plastics,2,2,001424,001425,001424 | 001425,/media/jisha/D/trash_dataset/Brookhaven MRF 20250604/Camera1/GX020023.MP4,,/media/jisha/E/trash_dataset/camera1_plastics_shareable_dataset/audio_video_clips/GX020023/GX020023__000719.260__000720.140.mp4,created
GX020023,/media/jisha/E/trash_dataset/Brookhaven MRF 20250604 Preproc/Camera 1/GX020023/data/meta2.csv,720.52,721.28,0.7599999999999909,Clamshell.,,Containers #1/Clamshells,Plastics,6,5,001428,001432,001428 | 001429 | 001430 | 001431 | 001432,/media/jisha/D/trash_dataset/Brookhaven MRF 20250604/Camera1/GX020023.MP4,,/media/jisha/E/trash_dataset/camera1_plastics_shareable_dataset/audio_video_clips/GX020023/GX020023__000720.520__000721.280.mp4,created
GX020023,/media/jisha/E/trash_dataset/Brookhaven MRF 20250604 Preproc/Camera 1/GX020023/data/meta2.csv,721.28,722.2,0.9200000000000728,Black.,,Black Plastic Containers,Plastics,3,2,001434,001437,001434 | 001437,/media/jisha/D/trash_dataset/Brookhaven MRF 20250604/Camera1/GX020023.MP4,,/media/jisha/E/trash_dataset/camera1_plastics_shareable_dataset/audio_video_clips/GX020023/GX020023__000721.280__000722.200.mp4,created
GX020023,/media/jisha/E/trash_dataset/Brookhaven MRF 20250604 Preproc/Camera 1/GX020023/data/meta2.csv,723.44,724.36,0.9199999999999591,Black plastic.,,Black Plastic Containers,Plastics,4,4,001444,001448,001444 | 001446 | 001447 | 001448,/media/jisha/D/trash_dataset/Brookhaven MRF 20250604/Camera1/GX020023.MP4,,/media/jisha/E/trash_dataset/camera1_plastics_shareable_dataset/audio_video_clips/GX020023/GX020023__000723.440__000724.360.mp4,created
GX020023,/media/jisha/E/trash_dataset/Brookhaven MRF 20250604 Preproc/Camera 1/GX020023/data/meta2.csv,728.28,729.44,1.1600000000000819,Black plastic.,,Black Plastic Containers,Plastics,2,1,001457,001457,001457,/media/jisha/D/trash_dataset/Brookhaven MRF 20250604/Camera1/GX020023.MP4,,/media/jisha/E/trash_dataset/camera1_plastics_shareable_dataset/audio_video_clips/GX020023/GX020023__000728.280__000729.440.mp4,created
GX020023,/media/jisha/E/trash_dataset/Brookhaven MRF 20250604 Preproc/Camera 1/GX020023/data/meta2.csv,733.34,734.02,0.67999999999995,Clamshell.,,Containers #1/Clamshells,Plastics,4,4,001459,001463,001459 | 001460 | 001462 | 001463,/media/jisha/D/trash_dataset/Brookhaven MRF 20250604/Camera1/GX020023.MP4,,/media/jisha/E/trash_dataset/camera1_plastics_shareable_dataset/audio_video_clips/GX020023/GX020023__000733.340__000734.020.mp4,created
GX020023,/media/jisha/E/trash_dataset/Brookhaven MRF 20250604 Preproc/Camera 1/GX020023/data/meta2.csv,745.98,747.04,1.0599999999999454,One non -deposit.,,Other #1 Bottles,Plastics,8,8,001475,001482,001475 | 001476 | 001477 | 001478 | 001479 | 001480 | 001481 | 001482,/media/jisha/D/trash_dataset/Brookhaven MRF 20250604/Camera1/GX020023.MP4,,/media/jisha/E/trash_dataset/camera1_plastics_shareable_dataset/audio_video_clips/GX020023/GX020023__000745.980__000747.040.mp4,created
GX020023,/media/jisha/E/trash_dataset/Brookhaven MRF 20250604 Preproc/Camera 1/GX020023/data/meta2.csv,747.34,748.36,1.0199999999999818,One non -deposit.,,Other #1 Bottles,Plastics,5,5,001484,001489,001484 | 001485 | 001486 | 001488 | 001489,/media/jisha/D/trash_dataset/Brookhaven MRF 20250604/Camera1/GX020023.MP4,,/media/jisha/E/trash_dataset/camera1_plastics_shareable_dataset/audio_video_clips/GX020023/GX020023__000747.340__000748.360.mp4,created
GX020023,/media/jisha/E/trash_dataset/Brookhaven MRF 20250604 Preproc/Camera 1/GX020023/data/meta2.csv,753.28,754.32,1.0400000000000773,Number five.,,Containers #5/PP,Plastics,4,4,001501,001506,001501 | 001503 | 001505 | 001506,/media/jisha/D/trash_dataset/Brookhaven MRF 20250604/Camera1/GX020023.MP4,,/media/jisha/E/trash_dataset/camera1_plastics_shareable_dataset/audio_video_clips/GX020023/GX020023__000753.280__000754.320.mp4,created
GX020023,/media/jisha/E/trash_dataset/Brookhaven MRF 20250604 Preproc/Camera 1/GX020023/data/meta2.csv,760.44,761.2,0.7599999999999909,Three through seven.,,Containers #3-7 (Not #5),Plastics,6,5,001523,001527,001523 | 001524 | 001525 | 001526 | 001527,/media/jisha/D/trash_dataset/Brookhaven MRF 20250604/Camera1/GX020023.MP4,,/media/jisha/E/trash_dataset/camera1_plastics_shareable_dataset/audio_video_clips/GX020023/GX020023__000760.440__000761.200.mp4,created
GX020023,/media/jisha/E/trash_dataset/Brookhaven MRF 20250604 Preproc/Camera 1/GX020023/data/meta2.csv,777.52,779.72,2.2000000000000455,There is one non -deposit.,,Other #1 Bottles,Plastics,16,11,001555,001566,001555 | 001556 | 001557 | 001558 | 001559 | 001560 | 001561 | 001562 | 001563 | 001564 | 001566,/media/jisha/D/trash_dataset/Brookhaven MRF 20250604/Camera1/GX020023.MP4,,/media/jisha/E/trash_dataset/camera1_plastics_shareable_dataset/audio_video_clips/GX020023/GX020023__000777.520__000779.720.mp4,created
GX020023,/media/jisha/E/trash_dataset/Brookhaven MRF 20250604 Preproc/Camera 1/GX020023/data/meta2.csv,782.24,783.48,1.240000000000009,"One non -deposit,",,Other #1 Bottles,Plastics,3,2,001584,001585,001584 | 001585,/media/jisha/D/trash_dataset/Brookhaven MRF 20250604/Camera1/GX020023.MP4,,/media/jisha/E/trash_dataset/camera1_plastics_shareable_dataset/audio_video_clips/GX020023/GX020023__000782.240__000783.480.mp4,created
GX020023,/media/jisha/E/trash_dataset/Brookhaven MRF 20250604 Preproc/Camera 1/GX020023/data/meta2.csv,816.38,817.18,0.7999999999999545,Unnumbered.,,Other Unnumbered Containers & Fragments,Plastics,3,2,001598,001599,001598 | 001599,/media/jisha/D/trash_dataset/Brookhaven MRF 20250604/Camera1/GX020023.MP4,,/media/jisha/E/trash_dataset/camera1_plastics_shareable_dataset/audio_video_clips/GX020023/GX020023__000816.380__000817.180.mp4,created
GX020023,/media/jisha/E/trash_dataset/Brookhaven MRF 20250604 Preproc/Camera 1/GX020023/data/meta2.csv,829.18,832.24,3.060000000000059,Number five.,,Containers #5/PP,Plastics,16,12,001623,001636,001623 | 001624 | 001627 | 001628 | 001629 | 001630 | 001631 | 001632 | 001633 | 001634 | 001635 | 001636,/media/jisha/D/trash_dataset/Brookhaven MRF 20250604/Camera1/GX020023.MP4,,/media/jisha/E/trash_dataset/camera1_plastics_shareable_dataset/audio_video_clips/GX020023/GX020023__000829.180__000832.240.mp4,created
GX020023,/media/jisha/E/trash_dataset/Brookhaven MRF 20250604 Preproc/Camera 1/GX020023/data/meta2.csv,834.06,835.68,1.6200000000000045,Two colors.,,Containers #2 Colored,Plastics,12,12,001640,001651,001640 | 001641 | 001642 | 001643 | 001644 | 001645 | 001646 | 001647 | 001648 | 001649 | 001650 | 001651,/media/jisha/D/trash_dataset/Brookhaven MRF 20250604/Camera1/GX020023.MP4,,/media/jisha/E/trash_dataset/camera1_plastics_shareable_dataset/audio_video_clips/GX020023/GX020023__000834.060__000835.680.mp4,created
GX020023,/media/jisha/E/trash_dataset/Brookhaven MRF 20250604 Preproc/Camera 1/GX020023/data/meta2.csv,843.88,844.88,1.0,Unnumbered.,,Other Unnumbered Containers & Fragments,Plastics,5,5,001659,001664,001659 | 001660 | 001661 | 001662 | 001664,/media/jisha/D/trash_dataset/Brookhaven MRF 20250604/Camera1/GX020023.MP4,,/media/jisha/E/trash_dataset/camera1_plastics_shareable_dataset/audio_video_clips/GX020023/GX020023__000843.880__000844.880.mp4,created
GX020023,/media/jisha/E/trash_dataset/Brookhaven MRF 20250604 Preproc/Camera 1/GX020023/data/meta2.csv,850.6,852.54,1.9399999999999409,One deposit.,,Deposit #1 Bottles,Plastics,1,1,001678,001678,001678,/media/jisha/D/trash_dataset/Brookhaven MRF 20250604/Camera1/GX020023.MP4,,/media/jisha/E/trash_dataset/camera1_plastics_shareable_dataset/audio_video_clips/GX020023/GX020023__000850.600__000852.540.mp4,created
GX020023,/media/jisha/E/trash_dataset/Brookhaven MRF 20250604 Preproc/Camera 1/GX020023/data/meta2.csv,855.26,856.26,1.0,Clamshell.,,Containers #1/Clamshells,Plastics,7,6,001684,001689,001684 | 001685 | 001686 | 001687 | 001688 | 001689,/media/jisha/D/trash_dataset/Brookhaven MRF 20250604/Camera1/GX020023.MP4,,/media/jisha/E/trash_dataset/camera1_plastics_shareable_dataset/audio_video_clips/GX020023/GX020023__000855.260__000856.260.mp4,created
GX020023,/media/jisha/E/trash_dataset/Brookhaven MRF 20250604 Preproc/Camera 1/GX020023/data/meta2.csv,866.28,867.18,0.8999999999999773,Number five.,,Containers #5/PP,Plastics,2,2,001695,001699,001695 | 001699,/media/jisha/D/trash_dataset/Brookhaven MRF 20250604/Camera1/GX020023.MP4,,/media/jisha/E/trash_dataset/camera1_plastics_shareable_dataset/audio_video_clips/GX020023/GX020023__000866.280__000867.180.mp4,created
GX020023,/media/jisha/E/trash_dataset/Brookhaven MRF 20250604 Preproc/Camera 1/GX020023/data/meta2.csv,873.94,876.04,2.099999999999909,Number one clamshell.,,Containers #1/Clamshells,Plastics,14,11,001702,001714,001702 | 001704 | 001706 | 001707 | 001708 | 001709 | 001710 | 001711 | 001712 | 001713 | 001714,/media/jisha/D/trash_dataset/Brookhaven MRF 20250604/Camera1/GX020023.MP4,,/media/jisha/E/trash_dataset/camera1_plastics_shareable_dataset/audio_video_clips/GX020023/GX020023__000873.940__000876.040.mp4,created
GX020023,/media/jisha/E/trash_dataset/Brookhaven MRF 20250604 Preproc/Camera 1/GX020023/data/meta2.csv,880.36,881.02,0.6599999999999682,Five.,,Containers #5/PP,Plastics,3,3,001719,001722,001719 | 001721 | 001722,/media/jisha/D/trash_dataset/Brookhaven MRF 20250604/Camera1/GX020023.MP4,,/media/jisha/E/trash_dataset/camera1_plastics_shareable_dataset/audio_video_clips/GX020023/GX020023__000880.360__000881.020.mp4,created
GX020023,/media/jisha/E/trash_dataset/Brookhaven MRF 20250604 Preproc/Camera 1/GX020023/data/meta2.csv,889.62,890.28,0.6599999999999682,Five.,,Containers #5/PP,Plastics,3,2,001738,001739,001738 | 001739,/media/jisha/D/trash_dataset/Brookhaven MRF 20250604/Camera1/GX020023.MP4,,/media/jisha/E/trash_dataset/camera1_plastics_shareable_dataset/audio_video_clips/GX020023/GX020023__000889.620__000890.280.mp4,created
GX020023,/media/jisha/E/trash_dataset/Brookhaven MRF 20250604 Preproc/Camera 1/GX020023/data/meta2.csv,893.58,894.72,1.1399999999999864,Black plastic.,,Black Plastic Containers,Plastics,4,4,001744,001750,001744 | 001747 | 001749 | 001750,/media/jisha/D/trash_dataset/Brookhaven MRF 20250604/Camera1/GX020023.MP4,,/media/jisha/E/trash_dataset/camera1_plastics_shareable_dataset/audio_video_clips/GX020023/GX020023__000893.580__000894.720.mp4,created
GX020023,/media/jisha/E/trash_dataset/Brookhaven MRF 20250604 Preproc/Camera 1/GX020023/data/meta2.csv,898.2,899.06,0.8599999999999,This is plastic.,,Plastic,Plastics,6,4,001752,001755,001752 | 001753 | 001754 | 001755,/media/jisha/D/trash_dataset/Brookhaven MRF 20250604/Camera1/GX020023.MP4,,/media/jisha/E/trash_dataset/camera1_plastics_shareable_dataset/audio_video_clips/GX020023/GX020023__000898.200__000899.060.mp4,created
GX020023,/media/jisha/E/trash_dataset/Brookhaven MRF 20250604 Preproc/Camera 1/GX020023/data/meta2.csv,905.88,906.64,0.7599999999999909,Five.,,Containers #5/PP,Plastics,3,3,001766,001768,001766 | 001767 | 001768,/media/jisha/D/trash_dataset/Brookhaven MRF 20250604/Camera1/GX020023.MP4,,/media/jisha/E/trash_dataset/camera1_plastics_shareable_dataset/audio_video_clips/GX020023/GX020023__000905.880__000906.640.mp4,created
GX020023,/media/jisha/E/trash_dataset/Brookhaven MRF 20250604 Preproc/Camera 1/GX020023/data/meta2.csv,912.54,915.02,2.480000000000018,Other plastic.,,Other Plastics,Plastics,6,5,001771,001788,001771 | 001772 | 001785 | 001786 | 001788,/media/jisha/D/trash_dataset/Brookhaven MRF 20250604/Camera1/GX020023.MP4,,/media/jisha/E/trash_dataset/camera1_plastics_shareable_dataset/audio_video_clips/GX020023/GX020023__000912.540__000915.020.mp4,created
GX020023,/media/jisha/E/trash_dataset/Brookhaven MRF 20250604 Preproc/Camera 1/GX020023/data/meta2.csv,915.02,915.4,0.37999999999999545,Unnumbered.,,Other Unnumbered Containers & Fragments,Plastics,2,2,001791,001792,001791 | 001792,/media/jisha/D/trash_dataset/Brookhaven MRF 20250604/Camera1/GX020023.MP4,,/media/jisha/E/trash_dataset/camera1_plastics_shareable_dataset/audio_video_clips/GX020023/GX020023__000915.020__000915.400.mp4,created
GX020023,/media/jisha/E/trash_dataset/Brookhaven MRF 20250604 Preproc/Camera 1/GX020023/data/meta2.csv,926.32,927.46,1.1399999999999864,Unnumbered.,,Other Unnumbered Containers & Fragments,Plastics,5,5,001807,001814,001807 | 001808 | 001809 | 001810 | 001814,/media/jisha/D/trash_dataset/Brookhaven MRF 20250604/Camera1/GX020023.MP4,,/media/jisha/E/trash_dataset/camera1_plastics_shareable_dataset/audio_video_clips/GX020023/GX020023__000926.320__000927.460.mp4,created
GX020023,/media/jisha/E/trash_dataset/Brookhaven MRF 20250604 Preproc/Camera 1/GX020023/data/meta2.csv,950.74,952.08,1.3400000000000318,One non -deposit.,,Other #1 Bottles,Plastics,8,7,001860,001866,001860 | 001861 | 001862 | 001863 | 001864 | 001865 | 001866,/media/jisha/D/trash_dataset/Brookhaven MRF 20250604/Camera1/GX020023.MP4,,/media/jisha/E/trash_dataset/camera1_plastics_shareable_dataset/audio_video_clips/GX020023/GX020023__000950.740__000952.080.mp4,created
GX020023,/media/jisha/E/trash_dataset/Brookhaven MRF 20250604 Preproc/Camera 1/GX020023/data/meta2.csv,987.98,989.64,1.6599999999999682,Two colors.,,Containers #2 Colored,Plastics,6,6,001910,001915,001910 | 001911 | 001912 | 001913 | 001914 | 001915,/media/jisha/D/trash_dataset/Brookhaven MRF 20250604/Camera1/GX020023.MP4,,/media/jisha/E/trash_dataset/camera1_plastics_shareable_dataset/audio_video_clips/GX020023/GX020023__000987.980__000989.640.mp4,created
GX020023,/media/jisha/E/trash_dataset/Brookhaven MRF 20250604 Preproc/Camera 1/GX020023/data/meta2.csv,990.84,992.54,1.6999999999999318,One non -deposit.,,Other #1 Bottles,Plastics,6,6,001925,001933,001925 | 001927 | 001928 | 001929 | 001930 | 001933,/media/jisha/D/trash_dataset/Brookhaven MRF 20250604/Camera1/GX020023.MP4,,/media/jisha/E/trash_dataset/camera1_plastics_shareable_dataset/audio_video_clips/GX020023/GX020023__000990.840__000992.540.mp4,created
GX020023,/media/jisha/E/trash_dataset/Brookhaven MRF 20250604 Preproc/Camera 1/GX020023/data/meta2.csv,992.82,994.92,2.099999999999909,Other non -deposit.,,Other #1 Bottles,Plastics,2,2,001949,001950,001949 | 001950,/media/jisha/D/trash_dataset/Brookhaven MRF 20250604/Camera1/GX020023.MP4,,/media/jisha/E/trash_dataset/camera1_plastics_shareable_dataset/audio_video_clips/GX020023/GX020023__000992.820__000994.920.mp4,created
GX020023,/media/jisha/E/trash_dataset/Brookhaven MRF 20250604 Preproc/Camera 1/GX020023/data/meta2.csv,1021.18,1022.38,1.2000000000000455,"Unnumbered,",,Other Unnumbered Containers & Fragments,Plastics,1,1,001961,001961,001961,/media/jisha/D/trash_dataset/Brookhaven MRF 20250604/Camera1/GX020023.MP4,,/media/jisha/E/trash_dataset/camera1_plastics_shareable_dataset/audio_video_clips/GX020023/GX020023__001021.180__001022.380.mp4,created
GX020023,/media/jisha/E/trash_dataset/Brookhaven MRF 20250604 Preproc/Camera 1/GX020023/data/meta2.csv,1022.38,1022.9,0.5199999999999818,"unnumbered,",,Other Unnumbered Containers & Fragments,Plastics,2,2,001964,001966,001964 | 001966,/media/jisha/D/trash_dataset/Brookhaven MRF 20250604/Camera1/GX020023.MP4,,/media/jisha/E/trash_dataset/camera1_plastics_shareable_dataset/audio_video_clips/GX020023/GX020023__001022.380__001022.900.mp4,created
GX020023,/media/jisha/E/trash_dataset/Brookhaven MRF 20250604 Preproc/Camera 1/GX020023/data/meta2.csv,1022.9,1023.5,0.6000000000000227,unnumbered.,,Other Unnumbered Containers & Fragments,Plastics,2,2,001970,001971,001970 | 001971,/media/jisha/D/trash_dataset/Brookhaven MRF 20250604/Camera1/GX020023.MP4,,/media/jisha/E/trash_dataset/camera1_plastics_shareable_dataset/audio_video_clips/GX020023/GX020023__001022.900__001023.500.mp4,created
GX020023,/media/jisha/E/trash_dataset/Brookhaven MRF 20250604 Preproc/Camera 1/GX020023/data/meta2.csv,1023.52,1024.6,1.0799999999999272,Unnumbered.,,Other Unnumbered Containers & Fragments,Plastics,7,6,001973,001980,001973 | 001976 | 001977 | 001978 | 001979 | 001980,/media/jisha/D/trash_dataset/Brookhaven MRF 20250604/Camera1/GX020023.MP4,,/media/jisha/E/trash_dataset/camera1_plastics_shareable_dataset/audio_video_clips/GX020023/GX020023__001023.520__001024.600.mp4,created
GX020025,/media/jisha/E/trash_dataset/Brookhaven MRF 20250604 Preproc/Camera 1/GX020025/data/meta2.csv,5.16,6.22,1.0599999999999996,Black plastic.,,Black Plastic Containers,Plastics,4,3,000004,000009,000004 | 000008 | 000009,/media/jisha/D/trash_dataset/Brookhaven MRF 20250604/Camera1/GX020025.MP4,,/media/jisha/E/trash_dataset/camera1_plastics_shareable_dataset/audio_video_clips/GX020025/GX020025__000005.160__000006.220.mp4,created
GX020025,/media/jisha/E/trash_dataset/Brookhaven MRF 20250604 Preproc/Camera 1/GX020025/data/meta2.csv,6.5,7.4,0.9000000000000004,Black plastic.,,Black Plastic Containers,Plastics,5,4,000011,000015,000011 | 000012 | 000014 | 000015,/media/jisha/D/trash_dataset/Brookhaven MRF 20250604/Camera1/GX020025.MP4,,/media/jisha/E/trash_dataset/camera1_plastics_shareable_dataset/audio_video_clips/GX020025/GX020025__000006.500__000007.400.mp4,created
GX020025,/media/jisha/E/trash_dataset/Brookhaven MRF 20250604 Preproc/Camera 1/GX020025/data/meta2.csv,10.18,10.92,0.7400000000000002,Clamshell.,,Containers #1/Clamshells,Plastics,1,1,000021,000021,000021,/media/jisha/D/trash_dataset/Brookhaven MRF 20250604/Camera1/GX020025.MP4,,/media/jisha/E/trash_dataset/camera1_plastics_shareable_dataset/audio_video_clips/GX020025/GX020025__000010.180__000010.920.mp4,created
GX020025,/media/jisha/E/trash_dataset/Brookhaven MRF 20250604 Preproc/Camera 1/GX020025/data/meta2.csv,12.5,13.18,0.6799999999999997,"clamshell,",,Containers #1/Clamshells,Plastics,2,2,000032,000033,000032 | 000033,/media/jisha/D/trash_dataset/Brookhaven MRF 20250604/Camera1/GX020025.MP4,,/media/jisha/E/trash_dataset/camera1_plastics_shareable_dataset/audio_video_clips/GX020025/GX020025__000012.500__000013.180.mp4,created
GX020025,/media/jisha/E/trash_dataset/Brookhaven MRF 20250604 Preproc/Camera 1/GX020025/data/meta2.csv,29.98,30.7,0.7199999999999989,Other plastic.,,Black Plastic Containers,Plastics,2,2,000048,000049,000048 | 000049,/media/jisha/D/trash_dataset/Brookhaven MRF 20250604/Camera1/GX020025.MP4,,/media/jisha/E/trash_dataset/camera1_plastics_shareable_dataset/audio_video_clips/GX020025/GX020025__000029.980__000030.700.mp4,created
GX020025,/media/jisha/E/trash_dataset/Brookhaven MRF 20250604 Preproc/Camera 1/GX020025/data/meta2.csv,42.3,43.94,1.6400000000000006,One deposit.,,Deposit #1 Bottles,Plastics,1,1,000055,000055,000055,/media/jisha/D/trash_dataset/Brookhaven MRF 20250604/Camera1/GX020025.MP4,,/media/jisha/E/trash_dataset/camera1_plastics_shareable_dataset/audio_video_clips/GX020025/GX020025__000042.300__000043.940.mp4,created
GX020025,/media/jisha/E/trash_dataset/Brookhaven MRF 20250604 Preproc/Camera 1/GX020025/data/meta2.csv,46.6,47.54,0.9399999999999977,Clamshell.,,Containers #1/Clamshells,Plastics,2,2,000068,000070,000068 | 000070,/media/jisha/D/trash_dataset/Brookhaven MRF 20250604/Camera1/GX020025.MP4,,/media/jisha/E/trash_dataset/camera1_plastics_shareable_dataset/audio_video_clips/GX020025/GX020025__000046.600__000047.540.mp4,created
GX020025,/media/jisha/E/trash_dataset/Brookhaven MRF 20250604 Preproc/Camera 1/GX020025/data/meta2.csv,47.62,48.08,0.46000000000000085,Five.,,Containers #5/PP,Plastics,1,1,000077,000077,000077,/media/jisha/D/trash_dataset/Brookhaven MRF 20250604/Camera1/GX020025.MP4,,/media/jisha/E/trash_dataset/camera1_plastics_shareable_dataset/audio_video_clips/GX020025/GX020025__000047.620__000048.080.mp4,created
GX020025,/media/jisha/E/trash_dataset/Brookhaven MRF 20250604 Preproc/Camera 1/GX020025/data/meta2.csv,48.58,50.34,1.7600000000000051,A number.,,Other Unnumbered Containers & Fragments,Plastics,7,7,000080,000089,000080 | 000081 | 000082 | 000086 | 000087 | 000088 | 000089,/media/jisha/D/trash_dataset/Brookhaven MRF 20250604/Camera1/GX020025.MP4,,/media/jisha/E/trash_dataset/camera1_plastics_shareable_dataset/audio_video_clips/GX020025/GX020025__000048.580__000050.340.mp4,created
GX020025,/media/jisha/E/trash_dataset/Brookhaven MRF 20250604 Preproc/Camera 1/GX020025/data/meta2.csv,51.9,52.76,0.8599999999999994,Five.,,Containers #5/PP,Plastics,4,4,000094,000097,000094 | 000095 | 000096 | 000097,/media/jisha/D/trash_dataset/Brookhaven MRF 20250604/Camera1/GX020025.MP4,,/media/jisha/E/trash_dataset/camera1_plastics_shareable_dataset/audio_video_clips/GX020025/GX020025__000051.900__000052.760.mp4,created
GX020025,/media/jisha/E/trash_dataset/Brookhaven MRF 20250604 Preproc/Camera 1/GX020025/data/meta2.csv,105.66,106.36,0.7000000000000028,Clamshell.,,Containers #1/Clamshells,Plastics,1,1,000105,000105,000105,/media/jisha/D/trash_dataset/Brookhaven MRF 20250604/Camera1/GX020025.MP4,,/media/jisha/E/trash_dataset/camera1_plastics_shareable_dataset/audio_video_clips/GX020025/GX020025__000105.660__000106.360.mp4,created
GX020025,/media/jisha/E/trash_dataset/Brookhaven MRF 20250604 Preproc/Camera 1/GX020025/data/meta2.csv,108.24,109.64,1.4000000000000057,327.,,Containers #3-7 (Not #5),Plastics,8,7,000107,000114,000107 | 000109 | 000110 | 000111 | 000112 | 000113 | 000114,/media/jisha/D/trash_dataset/Brookhaven MRF 20250604/Camera1/GX020025.MP4,,/media/jisha/E/trash_dataset/camera1_plastics_shareable_dataset/audio_video_clips/GX020025/GX020025__000108.240__000109.640.mp4,created
GX020025,/media/jisha/E/trash_dataset/Brookhaven MRF 20250604 Preproc/Camera 1/GX020025/data/meta2.csv,131.82,133.32,1.5,Non -deposit.,,Non-Deposit,Plastics,8,6,000149,000155,000149 | 000150 | 000152 | 000153 | 000154 | 000155,/media/jisha/D/trash_dataset/Brookhaven MRF 20250604/Camera1/GX020025.MP4,,/media/jisha/E/trash_dataset/camera1_plastics_shareable_dataset/audio_video_clips/GX020025/GX020025__000131.820__000133.320.mp4,created
GX020025,/media/jisha/E/trash_dataset/Brookhaven MRF 20250604 Preproc/Camera 1/GX020025/data/meta2.csv,137.54,137.98,0.4399999999999977,Clamshell.,,Containers #1/Clamshells,Plastics,1,1,000168,000168,000168,/media/jisha/D/trash_dataset/Brookhaven MRF 20250604/Camera1/GX020025.MP4,,/media/jisha/E/trash_dataset/camera1_plastics_shareable_dataset/audio_video_clips/GX020025/GX020025__000137.540__000137.980.mp4,created
GX020025,/media/jisha/E/trash_dataset/Brookhaven MRF 20250604 Preproc/Camera 1/GX020025/data/meta2.csv,140.22,141.46,1.240000000000009,Non -deposit.,,Non-Deposit,Plastics,1,1,000175,000175,000175,/media/jisha/D/trash_dataset/Brookhaven MRF 20250604/Camera1/GX020025.MP4,,/media/jisha/E/trash_dataset/camera1_plastics_shareable_dataset/audio_video_clips/GX020025/GX020025__000140.220__000141.460.mp4,created
GX020025,/media/jisha/E/trash_dataset/Brookhaven MRF 20250604 Preproc/Camera 1/GX020025/data/meta2.csv,144.06,145.22,1.1599999999999966,Black plastic.,,Black Plastic Containers,Plastics,1,1,000185,000185,000185,/media/jisha/D/trash_dataset/Brookhaven MRF 20250604/Camera1/GX020025.MP4,,/media/jisha/E/trash_dataset/camera1_plastics_shareable_dataset/audio_video_clips/GX020025/GX020025__000144.060__000145.220.mp4,created
GX020025,/media/jisha/E/trash_dataset/Brookhaven MRF 20250604 Preproc/Camera 1/GX020025/data/meta2.csv,150.0,150.76,0.7599999999999909,327.,,Containers #3-7 (Not #5),Plastics,2,2,000199,000200,000199 | 000200,/media/jisha/D/trash_dataset/Brookhaven MRF 20250604/Camera1/GX020025.MP4,,/media/jisha/E/trash_dataset/camera1_plastics_shareable_dataset/audio_video_clips/GX020025/GX020025__000150.000__000150.760.mp4,created
GX020025,/media/jisha/E/trash_dataset/Brookhaven MRF 20250604 Preproc/Camera 1/GX020025/data/meta2.csv,152.6,154.64,2.039999999999992,Non -deposit number one.,,Other #1 Bottles,Plastics,2,2,000220,000221,000220 | 000221,/media/jisha/D/trash_dataset/Brookhaven MRF 20250604/Camera1/GX020025.MP4,,/media/jisha/E/trash_dataset/camera1_plastics_shareable_dataset/audio_video_clips/GX020025/GX020025__000152.600__000154.640.mp4,created
GX020025,/media/jisha/E/trash_dataset/Brookhaven MRF 20250604 Preproc/Camera 1/GX020025/data/meta2.csv,166.62,167.4,0.7800000000000011,Non -deposit.,,Non-Deposit,Plastics,1,1,000244,000244,000244,/media/jisha/D/trash_dataset/Brookhaven MRF 20250604/Camera1/GX020025.MP4,,/media/jisha/E/trash_dataset/camera1_plastics_shareable_dataset/audio_video_clips/GX020025/GX020025__000166.620__000167.400.mp4,created
GX020025,/media/jisha/E/trash_dataset/Brookhaven MRF 20250604 Preproc/Camera 1/GX020025/data/meta2.csv,177.22,177.94,0.7199999999999989,Clamshell.,,Containers #1/Clamshells,Plastics,1,1,000257,000257,000257,/media/jisha/D/trash_dataset/Brookhaven MRF 20250604/Camera1/GX020025.MP4,,/media/jisha/E/trash_dataset/camera1_plastics_shareable_dataset/audio_video_clips/GX020025/GX020025__000177.220__000177.940.mp4,created
GX020025,/media/jisha/E/trash_dataset/Brookhaven MRF 20250604 Preproc/Camera 1/GX020025/data/meta2.csv,181.02,181.66,0.6399999999999864,Non -deposit one.,,Other #1 Bottles,Plastics,3,3,000284,000287,000284 | 000285 | 000287,/media/jisha/D/trash_dataset/Brookhaven MRF 20250604/Camera1/GX020025.MP4,,/media/jisha/E/trash_dataset/camera1_plastics_shareable_dataset/audio_video_clips/GX020025/GX020025__000181.020__000181.660.mp4,created
GX020025,/media/jisha/E/trash_dataset/Brookhaven MRF 20250604 Preproc/Camera 1/GX020025/data/meta2.csv,202.0,203.74,1.740000000000009,One clam shell.,,Containers #1/Clamshells,Plastics,3,3,000307,000315,000307 | 000311 | 000315,/media/jisha/D/trash_dataset/Brookhaven MRF 20250604/Camera1/GX020025.MP4,,/media/jisha/E/trash_dataset/camera1_plastics_shareable_dataset/audio_video_clips/GX020025/GX020025__000202.000__000203.740.mp4,created
GX020025,/media/jisha/E/trash_dataset/Brookhaven MRF 20250604 Preproc/Camera 1/GX020025/data/meta2.csv,211.0,211.46,0.46000000000000796,Clamshell.,,Containers #1/Clamshells,Plastics,3,2,000326,000327,000326 | 000327,/media/jisha/D/trash_dataset/Brookhaven MRF 20250604/Camera1/GX020025.MP4,,/media/jisha/E/trash_dataset/camera1_plastics_shareable_dataset/audio_video_clips/GX020025/GX020025__000211.000__000211.460.mp4,created
GX020025,/media/jisha/E/trash_dataset/Brookhaven MRF 20250604 Preproc/Camera 1/GX020025/data/meta2.csv,211.58,213.08,1.5,Number five.,,Containers #5/PP,Plastics,7,6,000329,000334,000329 | 000330 | 000331 | 000332 | 000333 | 000334,/media/jisha/D/trash_dataset/Brookhaven MRF 20250604/Camera1/GX020025.MP4,,/media/jisha/E/trash_dataset/camera1_plastics_shareable_dataset/audio_video_clips/GX020025/GX020025__000211.580__000213.080.mp4,created
GX020025,/media/jisha/E/trash_dataset/Brookhaven MRF 20250604 Preproc/Camera 1/GX020025/data/meta2.csv,213.1,214.44,1.3400000000000034,Other plastic.,,Other Plastics,Plastics,4,4,000344,000347,000344 | 000345 | 000346 | 000347,/media/jisha/D/trash_dataset/Brookhaven MRF 20250604/Camera1/GX020025.MP4,,/media/jisha/E/trash_dataset/camera1_plastics_shareable_dataset/audio_video_clips/GX020025/GX020025__000213.100__000214.440.mp4,created
GX020025,/media/jisha/E/trash_dataset/Brookhaven MRF 20250604 Preproc/Camera 1/GX020025/data/meta2.csv,218.12,219.16,1.039999999999992,Unnumbered.,,Other Unnumbered Containers & Fragments,Plastics,10,6,000352,000359,000352 | 000354 | 000355 | 000357 | 000358 | 000359,/media/jisha/D/trash_dataset/Brookhaven MRF 20250604/Camera1/GX020025.MP4,,/media/jisha/E/trash_dataset/camera1_plastics_shareable_dataset/audio_video_clips/GX020025/GX020025__000218.120__000219.160.mp4,created
GX020025,/media/jisha/E/trash_dataset/Brookhaven MRF 20250604 Preproc/Camera 1/GX020025/data/meta2.csv,227.08,227.74,0.6599999999999966,clamshell.,,Containers #1/Clamshells,Plastics,6,4,000376,000379,000376 | 000377 | 000378 | 000379,/media/jisha/D/trash_dataset/Brookhaven MRF 20250604/Camera1/GX020025.MP4,,/media/jisha/E/trash_dataset/camera1_plastics_shareable_dataset/audio_video_clips/GX020025/GX020025__000227.080__000227.740.mp4,created
GX020025,/media/jisha/E/trash_dataset/Brookhaven MRF 20250604 Preproc/Camera 1/GX020025/data/meta2.csv,233.04,234.48,1.4399999999999977,"deposit number 1,",,Deposit #1 Bottles,Plastics,2,2,000390,000391,000390 | 000391,/media/jisha/D/trash_dataset/Brookhaven MRF 20250604/Camera1/GX020025.MP4,,/media/jisha/E/trash_dataset/camera1_plastics_shareable_dataset/audio_video_clips/GX020025/GX020025__000233.040__000234.480.mp4,created
GX020025,/media/jisha/E/trash_dataset/Brookhaven MRF 20250604 Preproc/Camera 1/GX020025/data/meta2.csv,234.6,236.04,1.4399999999999977,"black plastic,",,Black Plastic Containers,Plastics,3,3,000405,000408,000405 | 000406 | 000408,/media/jisha/D/trash_dataset/Brookhaven MRF 20250604/Camera1/GX020025.MP4,,/media/jisha/E/trash_dataset/camera1_plastics_shareable_dataset/audio_video_clips/GX020025/GX020025__000234.600__000236.040.mp4,created
GX020025,/media/jisha/E/trash_dataset/Brookhaven MRF 20250604 Preproc/Camera 1/GX020025/data/meta2.csv,236.2,236.82,0.6200000000000045,"black plastic,",,Black Plastic Containers,Plastics,5,3,000412,000415,000412 | 000413 | 000415,/media/jisha/D/trash_dataset/Brookhaven MRF 20250604/Camera1/GX020025.MP4,,/media/jisha/E/trash_dataset/camera1_plastics_shareable_dataset/audio_video_clips/GX020025/GX020025__000236.200__000236.820.mp4,created
GX020025,/media/jisha/E/trash_dataset/Brookhaven MRF 20250604 Preproc/Camera 1/GX020025/data/meta2.csv,237.0,237.84,0.8400000000000034,"5,",,Containers #5/PP,Plastics,1,1,000417,000417,000417,/media/jisha/D/trash_dataset/Brookhaven MRF 20250604/Camera1/GX020025.MP4,,/media/jisha/E/trash_dataset/camera1_plastics_shareable_dataset/audio_video_clips/GX020025/GX020025__000237.000__000237.840.mp4,created
GX020025,/media/jisha/E/trash_dataset/Brookhaven MRF 20250604 Preproc/Camera 1/GX020025/data/meta2.csv,241.34,243.88,2.539999999999992,"1 deposit,",,Deposit #1 Bottles,Plastics,7,7,000434,000443,000434 | 000438 | 000439 | 000440 | 000441 | 000442 | 000443,/media/jisha/D/trash_dataset/Brookhaven MRF 20250604/Camera1/GX020025.MP4,,/media/jisha/E/trash_dataset/camera1_plastics_shareable_dataset/audio_video_clips/GX020025/GX020025__000241.340__000243.880.mp4,created
GX020025,/media/jisha/E/trash_dataset/Brookhaven MRF 20250604 Preproc/Camera 1/GX020025/data/meta2.csv,244.1,244.46,0.36000000000001364,"1 deposit,",,Deposit #1 Bottles,Plastics,2,2,000445,000446,000445 | 000446,/media/jisha/D/trash_dataset/Brookhaven MRF 20250604/Camera1/GX020025.MP4,,/media/jisha/E/trash_dataset/camera1_plastics_shareable_dataset/audio_video_clips/GX020025/GX020025__000244.100__000244.460.mp4,created
GX020025,/media/jisha/E/trash_dataset/Brookhaven MRF 20250604 Preproc/Camera 1/GX020025/data/meta2.csv,244.92,246.34,1.420000000000016,"1 non -deposit,",,Other #1 Bottles,Plastics,2,2,000449,000452,000449 | 000452,/media/jisha/D/trash_dataset/Brookhaven MRF 20250604/Camera1/GX020025.MP4,,/media/jisha/E/trash_dataset/camera1_plastics_shareable_dataset/audio_video_clips/GX020025/GX020025__000244.920__000246.340.mp4,created
GX020025,/media/jisha/E/trash_dataset/Brookhaven MRF 20250604 Preproc/Camera 1/GX020025/data/meta2.csv,246.5,246.96,0.46000000000000796,"deposit,",,Deposit #1 Bottles,Plastics,3,2,000460,000461,000460 | 000461,/media/jisha/D/trash_dataset/Brookhaven MRF 20250604/Camera1/GX020025.MP4,,/media/jisha/E/trash_dataset/camera1_plastics_shareable_dataset/audio_video_clips/GX020025/GX020025__000246.500__000246.960.mp4,created
GX020025,/media/jisha/E/trash_dataset/Brookhaven MRF 20250604 Preproc/Camera 1/GX020025/data/meta2.csv,248.92,251.5,2.5800000000000125,"deposit number 1,",,Deposit #1 Bottles,Plastics,3,3,000470,000475,000470 | 000471 | 000475,/media/jisha/D/trash_dataset/Brookhaven MRF 20250604/Camera1/GX020025.MP4,,/media/jisha/E/trash_dataset/camera1_plastics_shareable_dataset/audio_video_clips/GX020025/GX020025__000248.920__000251.500.mp4,created
GX020025,/media/jisha/E/trash_dataset/Brookhaven MRF 20250604 Preproc/Camera 1/GX020025/data/meta2.csv,264.5,265.8,1.3000000000000114,"3 -2 -7,",,Containers #3-7 (Not #5),Plastics,11,9,000485,000493,000485 | 000486 | 000487 | 000488 | 000489 | 000490 | 000491 | 000492 | 000493,/media/jisha/D/trash_dataset/Brookhaven MRF 20250604/Camera1/GX020025.MP4,,/media/jisha/E/trash_dataset/camera1_plastics_shareable_dataset/audio_video_clips/GX020025/GX020025__000264.500__000265.800.mp4,created
GX020025,/media/jisha/E/trash_dataset/Brookhaven MRF 20250604 Preproc/Camera 1/GX020025/data/meta2.csv,266.02,271.24,5.220000000000027,"1 deposit,",,Deposit #1 Bottles,Plastics,5,5,000512,000535,000512 | 000521 | 000530 | 000532 | 000535,/media/jisha/D/trash_dataset/Brookhaven MRF 20250604/Camera1/GX020025.MP4,,/media/jisha/E/trash_dataset/camera1_plastics_shareable_dataset/audio_video_clips/GX020025/GX020025__000266.020__000271.240.mp4,created
GX020025,/media/jisha/E/trash_dataset/Brookhaven MRF 20250604 Preproc/Camera 1/GX020025/data/meta2.csv,271.5,271.82,0.3199999999999932,"1 deposit,",,Deposit #1 Bottles,Plastics,2,2,000538,000539,000538 | 000539,/media/jisha/D/trash_dataset/Brookhaven MRF 20250604/Camera1/GX020025.MP4,,/media/jisha/E/trash_dataset/camera1_plastics_shareable_dataset/audio_video_clips/GX020025/GX020025__000271.500__000271.820.mp4,created
GX020025,/media/jisha/E/trash_dataset/Brookhaven MRF 20250604 Preproc/Camera 1/GX020025/data/meta2.csv,272.2,273.9,1.6999999999999886,"5,",,Containers #5/PP,Plastics,2,2,000550,000553,000550 | 000553,/media/jisha/D/trash_dataset/Brookhaven MRF 20250604/Camera1/GX020025.MP4,,/media/jisha/E/trash_dataset/camera1_plastics_shareable_dataset/audio_video_clips/GX020025/GX020025__000272.200__000273.900.mp4,created
GX020025,/media/jisha/E/trash_dataset/Brookhaven MRF 20250604 Preproc/Camera 1/GX020025/data/meta2.csv,274.3,274.86,0.5600000000000023,"5,",,Containers #5/PP,Plastics,2,2,000556,000558,000556 | 000558,/media/jisha/D/trash_dataset/Brookhaven MRF 20250604/Camera1/GX020025.MP4,,/media/jisha/E/trash_dataset/camera1_plastics_shareable_dataset/audio_video_clips/GX020025/GX020025__000274.300__000274.860.mp4,created
GX020025,/media/jisha/E/trash_dataset/Brookhaven MRF 20250604 Preproc/Camera 1/GX020025/data/meta2.csv,274.86,277.56,2.6999999999999886,4.,,Containers #3-7 (Not #5),Plastics,18,16,000560,000576,000560 | 000561 | 000562 | 000563 | 000564 | 000565 | 000566 | 000567 | 000568 | 000569 | 000570 | 000572 | 000573 | 000574 | 000575 | 000576,/media/jisha/D/trash_dataset/Brookhaven MRF 20250604/Camera1/GX020025.MP4,,/media/jisha/E/trash_dataset/camera1_plastics_shareable_dataset/audio_video_clips/GX020025/GX020025__000274.860__000277.560.mp4,created
GX020025,/media/jisha/E/trash_dataset/Brookhaven MRF 20250604 Preproc/Camera 1/GX020025/data/meta2.csv,286.04,287.44,1.3999999999999773,"1 non -deposit,",,Other #1 Bottles,Plastics,2,2,000588,000590,000588 | 000590,/media/jisha/D/trash_dataset/Brookhaven MRF 20250604/Camera1/GX020025.MP4,,/media/jisha/E/trash_dataset/camera1_plastics_shareable_dataset/audio_video_clips/GX020025/GX020025__000286.040__000287.440.mp4,created
GX020025,/media/jisha/E/trash_dataset/Brookhaven MRF 20250604 Preproc/Camera 1/GX020025/data/meta2.csv,295.8,296.22,0.4200000000000159,"5,",,Containers #5/PP,Plastics,2,2,000608,000609,000608 | 000609,/media/jisha/D/trash_dataset/Brookhaven MRF 20250604/Camera1/GX020025.MP4,,/media/jisha/E/trash_dataset/camera1_plastics_shareable_dataset/audio_video_clips/GX020025/GX020025__000295.800__000296.220.mp4,created
GX020025,/media/jisha/E/trash_dataset/Brookhaven MRF 20250604 Preproc/Camera 1/GX020025/data/meta2.csv,296.26,297.58,1.3199999999999932,"3 -2 -7,",,Containers #3-7 (Not #5),Plastics,3,3,000612,000617,000612 | 000613 | 000617,/media/jisha/D/trash_dataset/Brookhaven MRF 20250604/Camera1/GX020025.MP4,,/media/jisha/E/trash_dataset/camera1_plastics_shareable_dataset/audio_video_clips/GX020025/GX020025__000296.260__000297.580.mp4,created
GX030023,/media/jisha/E/trash_dataset/Brookhaven MRF 20250604 Preproc/Camera 1/GX030023/data/meta2.csv,20.78,21.74,0.9599999999999973,Number one.,,Containers #1/Clamshells,Plastics,1,1,000032,000032,000032,/media/jisha/D/trash_dataset/Brookhaven MRF 20250604/Camera1/GX030023.MP4,,/media/jisha/E/trash_dataset/camera1_plastics_shareable_dataset/audio_video_clips/GX030023/GX030023__000020.780__000021.740.mp4,created
GX030023,/media/jisha/E/trash_dataset/Brookhaven MRF 20250604 Preproc/Camera 1/GX030023/data/meta2.csv,21.84,22.68,0.8399999999999999,Clamshell.,,Containers #1/Clamshells,Plastics,2,2,000036,000037,000036 | 000037,/media/jisha/D/trash_dataset/Brookhaven MRF 20250604/Camera1/GX030023.MP4,,/media/jisha/E/trash_dataset/camera1_plastics_shareable_dataset/audio_video_clips/GX030023/GX030023__000021.840__000022.680.mp4,created
GX030023,/media/jisha/E/trash_dataset/Brookhaven MRF 20250604 Preproc/Camera 1/GX030023/data/meta2.csv,35.06,35.98,0.9199999999999946,Unnumbered.,,Other Unnumbered Containers & Fragments,Plastics,4,4,000052,000055,000052 | 000053 | 000054 | 000055,/media/jisha/D/trash_dataset/Brookhaven MRF 20250604/Camera1/GX030023.MP4,,/media/jisha/E/trash_dataset/camera1_plastics_shareable_dataset/audio_video_clips/GX030023/GX030023__000035.060__000035.980.mp4,created
GX030023,/media/jisha/E/trash_dataset/Brookhaven MRF 20250604 Preproc/Camera 1/GX030023/data/meta2.csv,40.48,41.4,0.9200000000000017,Clamshell.,,Containers #1/Clamshells,Plastics,2,2,000060,000061,000060 | 000061,/media/jisha/D/trash_dataset/Brookhaven MRF 20250604/Camera1/GX030023.MP4,,/media/jisha/E/trash_dataset/camera1_plastics_shareable_dataset/audio_video_clips/GX030023/GX030023__000040.480__000041.400.mp4,created
GX030023,/media/jisha/E/trash_dataset/Brookhaven MRF 20250604 Preproc/Camera 1/GX030023/data/meta2.csv,86.1,87.7,1.6000000000000085,Other plastic.,,Other Plastics,Plastics,2,2,000090,000091,000090 | 000091,/media/jisha/D/trash_dataset/Brookhaven MRF 20250604/Camera1/GX030023.MP4,,/media/jisha/E/trash_dataset/camera1_plastics_shareable_dataset/audio_video_clips/GX030023/GX030023__000086.100__000087.700.mp4,created
GX030023,/media/jisha/E/trash_dataset/Brookhaven MRF 20250604 Preproc/Camera 1/GX030023/data/meta2.csv,90.66,91.46,0.7999999999999972,Unnumbered.,,Other Unnumbered Containers & Fragments,Plastics,1,1,000099,000099,000099,/media/jisha/D/trash_dataset/Brookhaven MRF 20250604/Camera1/GX030023.MP4,,/media/jisha/E/trash_dataset/camera1_plastics_shareable_dataset/audio_video_clips/GX030023/GX030023__000090.660__000091.460.mp4,created
GX030023,/media/jisha/E/trash_dataset/Brookhaven MRF 20250604 Preproc/Camera 1/GX030023/data/meta2.csv,93.16,93.94,0.7800000000000011,Black plastic.,,Black Plastic Containers,Plastics,1,1,000106,000106,000106,/media/jisha/D/trash_dataset/Brookhaven MRF 20250604/Camera1/GX030023.MP4,,/media/jisha/E/trash_dataset/camera1_plastics_shareable_dataset/audio_video_clips/GX030023/GX030023__000093.160__000093.940.mp4,created
GX030023,/media/jisha/E/trash_dataset/Brookhaven MRF 20250604 Preproc/Camera 1/GX030023/data/meta2.csv,104.02,104.7,0.6800000000000068,Unnumbered.,,Other Unnumbered Containers & Fragments,Plastics,1,1,000134,000134,000134,/media/jisha/D/trash_dataset/Brookhaven MRF 20250604/Camera1/GX030023.MP4,,/media/jisha/E/trash_dataset/camera1_plastics_shareable_dataset/audio_video_clips/GX030023/GX030023__000104.020__000104.700.mp4,created
GX030023,/media/jisha/E/trash_dataset/Brookhaven MRF 20250604 Preproc/Camera 1/GX030023/data/meta2.csv,124.6,125.14,0.5400000000000063,Other plastic.,,Other Plastics,Plastics,2,2,000140,000142,000140 | 000142,/media/jisha/D/trash_dataset/Brookhaven MRF 20250604/Camera1/GX030023.MP4,,/media/jisha/E/trash_dataset/camera1_plastics_shareable_dataset/audio_video_clips/GX030023/GX030023__000124.600__000125.140.mp4,created
GX030023,/media/jisha/E/trash_dataset/Brookhaven MRF 20250604 Preproc/Camera 1/GX030023/data/meta2.csv,160.44,161.06,0.6200000000000045,"number one,",,Containers #1/Clamshells,Plastics,2,2,000181,000183,000181 | 000183,/media/jisha/D/trash_dataset/Brookhaven MRF 20250604/Camera1/GX030023.MP4,,/media/jisha/E/trash_dataset/camera1_plastics_shareable_dataset/audio_video_clips/GX030023/GX030023__000160.440__000161.060.mp4,created
GX030023,/media/jisha/E/trash_dataset/Brookhaven MRF 20250604 Preproc/Camera 1/GX030023/data/meta2.csv,180.64,181.24,0.6000000000000227,Unnumbered.,,Other Unnumbered Containers & Fragments,Plastics,7,4,000207,000210,000207 | 000208 | 000209 | 000210,/media/jisha/D/trash_dataset/Brookhaven MRF 20250604/Camera1/GX030023.MP4,,/media/jisha/E/trash_dataset/camera1_plastics_shareable_dataset/audio_video_clips/GX030023/GX030023__000180.640__000181.240.mp4,created
